147,1.6 TS Progression,2007,200000,Kýrmýzý,234500,Ankara Keçiören
Giulietta,1.6 JTD Super TCT,2018,90000,Beyaz,689750,Ýstanbul Ataþehir
Giulietta,1.6 JTD Super TCT,2016,190000,Kýrmýzý,605000,Antalya Kemer
Giulietta,1.6 JTD Distinctive,2014,149000,Kýrmýzý,482000,Antalya Muratpaþa
Giulietta,1.4 TB MultiAir Distinctive,2012,88000,Kýrmýzý,565000,Antalya Muratpaþa
156,2.0 TS Distinctive,2002,245000,Beyaz,230000,Ýstanbul Esenyurt
Giulietta,1.6 JTD Super TCT,2018,157000,Füme,588000,Antalya Aksu
145,1.6,1997,307000,Siyah,110000,Antalya Konyaaltý
156,1.6 TS Distinctive,2004,259000,Siyah,270000,Bursa Mustafakemalpaþa
Giulietta,1.6 JTD Giulietta,2021,8500,Mor,890000,Ýstanbul Kaðýthane
Giulietta,1.4 TB MultiAir Distinctive,2012,149505,Beyaz,440000,Ýstanbul Tuzla
Giulietta,1.6 JTD Super TCT,2018,180000,Füme,575000,Ýstanbul Maltepe
156,1.6 TS Distinctive,2000,236000,Gümüþ Gri,185000,Balýkesir Bandýrma
Giulietta,1.6 JTD Distinctive,2012,256400,Beyaz,377500,Karaman Merkez
147,1.6 TS Distinctive,2006,208500,Siyah,297500,Ýzmir Buca
156,1.6 TS,1998,232000,Beyaz,158000,Bursa Gemlik
Giulietta,1.4 TB MultiAir Distinctive,2012,280000,Beyaz,475000,Malatya Yeþilyurt
Giulietta,1.6 JTD Distinctive,2012,145000,Siyah,414000,Kocaeli Gölcük
156,1.6 TS Distinctive,2004,203000,Turkuaz,279000,Ankara Keçiören
156,1.6 TS Progression,2004,286000,Gri,279900,Ýstanbul Baðcýlar
146,1.4 TS,1998,301000,Siyah,125000,Bursa Nilüfer
147,1.6 TS Distinctive,2004,242000,Mavi,230000,Ýzmir Menemen
Giulietta,1.6 JTD Distinctive,2015,113000,Kýrmýzý,589000,Tekirdað Çerkezköy
146,1.6 L,1997,196500,Gümüþ Gri,135000,Bursa Ýnegöl
166,2.0 TS,1998,222000,Gri,215000,Ýstanbul Maltepe
156,2.0 TS,1999,290000,Bordo,140000,Tokat Baþçiftlik
145,1.7,1996,208000,Gri,139000,Ýzmir Torbalý
159,1.9 JTD Distinctive Plus,2010,158000,Mavi,440000,Ýstanbul Eyüpsultan
Giulietta,1.4 TB MultiAir Distinctive,2011,168000,Siyah,480000,Antalya Kepez
147,1.6 TS Distinctive,2006,315250,Þampanya,255000,Ankara Yenimahalle
GT,2.0 JTS Distinctive,2006,171600,Siyah,320000,Ýstanbul Maltepe
159,1.9 JTD Distinctive,2007,286000,Gri,380000,Adana Sarýçam
Giulietta,1.4 TB MultiAir Distinctive,2015,155100,Beyaz,590000,Muðla Milas
159,1.9 JTD Distinctive,2006,338000,Siyah,305000,Ýstanbul Tuzla
Spider,2.0 TS,1996,190000,Gümüþ Gri,545000,Antalya Konyaaltý
147,1.6 TS Distinctive,2004,180000,Gri,200000,Ýstanbul Esenler
Giulietta,1.4 TB Progression Plus,2012,78500,Kýrmýzý,500000,Ýstanbul Maltepe
Giulietta,1.6 JTD Distinctive,2013,210000,Kýrmýzý,386900,Ýstanbul Baðcýlar
156,1.6 TS,1999,269000,Gümüþ Gri,156750,Ýstanbul Baðcýlar
147,1.6 TS Distinctive,2004,302000,Siyah,205000,Ýstanbul Maltepe
Giulietta,1.6 JTD Progression Plus,2015,128000,Beyaz,518500,Ýstanbul Kaðýthane
MiTo,1.4 T MultiAir TCT,2012,112000,Kýrmýzý,469000,Ýstanbul Esenyurt
166,3.0 Sportronic,2004,190000,Siyah,365000,Ýstanbul Kartal
Giulietta,1.6 JTD Sprint,2020,38900,Gümüþ Gri,820000,Antalya Muratpaþa
Sprint,1.7,1988,37000,Kýrmýzý,1050000,Ankara Gölbaþý
Giulietta,1.6 JTD Distinctive,2014,135000,Gri,557000,Ankara Çankaya
147,1.6 TS Progression,2006,219000,Bordo,210000,Ankara Çankaya
156,1.6 TS Distinctive,2004,258000,Gümüþ Gri,240000,Antalya Manavgat
Giulietta,1.6 JTD Distinctive,2012,148000,Kýrmýzý,424000,Kocaeli Darýca
Giulietta,1.6 JTD Sprint,2020,41000,Kýrmýzý,895000,Ýstanbul Kadýköy
Giulietta,1.6 JTD Distinctive,2011,226000,Beyaz,430000,Antalya Muratpaþa
Giulia Quadrifoglio,2.9,2016,21000,Kýrmýzý,4700000,Ýstanbul Beþiktaþ
156,1.6 TS,2000,260302,Gri,185000,Muðla Yataðan
Giulietta,1.6 JTD Distinctive,2011,196000,Beyaz,385000,Kütahya Merkez
Spider,2.0 TS,1996,186000,Sarý,475000,Ankara Yenimahalle
Giulietta,1.6 JTD Progression,2016,130000,Beyaz,608000,Denizli Merkezefendi
Giulietta,1.6 JTD Super TCT,2017,56900,Gümüþ Gri,655000,Ýstanbul Kaðýthane
156,1.6 TS Distinctive,2006,281000,Siyah,259900,Ankara Keçiören
159,1.9 JTD Distinctive,2008,160000,Siyah,430000,Ankara Sincan
MiTo,1.4 T MultiAir TCT,2012,162000,Kýrmýzý,510000,Ýstanbul Kartal
156,2.0 TS Selespeed,2001,260000,Kýrmýzý,223750,Ýstanbul Ataþehir
156,1.6 TS Distinctive,2002,315000,Kýrmýzý,175000,Ýzmir Bornova
Giulietta,1.4 TB MultiAir Distinctive,2015,33000,Kýrmýzý,749900,Ankara Akyurt
156,2.0 TS,1999,155000,Gri,230000,Manisa Þehzadeler
GT,2.0 JTS Distinctive,2006,195000,Siyah,319000,Ankara Çankaya
Giulietta,1.6 JTD Super TCT,2016,175000,Beyaz,639000,Ankara Akyurt
Giulietta,1.4 TB MultiAir Distinctive,2012,122000,Beyaz,425000,Manisa Saruhanlý
156,1.6 TS Distinctive,2005,283000,Beyaz,285000,Sivas Merkez
Giulietta,1.4 TB MultiAir Distinctive,2012,153000,Beyaz,475000,Gaziantep Þahinbey
Giulietta,1.4 TB MultiAir Distinctive,2015,123000,Kýrmýzý,625000,Mersin Yeniþehir
Giulietta,1.6 JTD Distinctive,2015,238000,Beyaz,445000,Antalya Kepez
Giulietta,1.4 TB MultiAir Distinctive,2015,117000,Kýrmýzý,735000,Ýstanbul Ümraniye
Giulietta,1.4 TB MultiAir Distinctive,2012,165000,Beyaz,500000,Adana Seyhan
Giulietta,1.6 JTD Super TCT,2017,89000,Gri,655000,Adana Seyhan
159,1.9 JTD Distinctive,2007,203000,Gri,449000,Ankara Yenimahalle
Giulietta,1.6 JTD Progression Plus,2015,190000,Beyaz,497500,Ýstanbul Büyükçekmece
159,1.9 JTD Distinctive,2007,259900,Siyah,310000,Hatay Antakya
Giulia,2.0 Veloce,2017,50000,Lacivert,1895000,Ýstanbul Sarýyer
156,1.6 TS,2000,260000,Siyah,185750,Ýstanbul Bahçelievler
156,2.0 TS Selespeed,2001,235000,Kýrmýzý,234000,Adana Sarýçam
156,1.6 TS,1998,320000,Kýrmýzý,152000,Mersin Gülnar
Giulietta,1.4 TB MultiAir Distinctive,2011,165000,Beyaz,390000,Isparta Merkez
MiTo,1.4 T Distinctive,2010,188000,Beyaz,340000,Antalya Alanya
Giulietta,1.6 JTD Giulietta,2020,80000,Beyaz,742750,Denizli Merkezefendi
Giulietta,1.4 TB MultiAir Distinctive,2012,105000,Kýrmýzý,483000,Ýstanbul Kaðýthane
155,2.0 Q4,1995,222000,Kýrmýzý,435000,Ýstanbul Sarýyer
159,1.9 JTD Distinctive,2008,213000,Siyah,423000,Antalya Döþemealtý
Giulietta,1.6 JTD Distinctive,2013,153700,Siyah,529000,Samsun Atakum
156,1.6 TS Distinctive,2004,256000,Kýrmýzý,268000,Ordu Altýnordu
156,2.0 TS,1998,298000,Füme,200000,Kütahya Gediz
156,1.6 TS,1998,221000,Gri,165000,Ýzmir Bornova
146,1.6 L,1997,316000,Yeþil,105000,Denizli Pamukkale
Giulietta,1.4 TB MultiAir Distinctive,2011,162300,Beyaz,490000,Ýstanbul Bayrampaþa
Giulietta,1.4 TB MultiAir Distinctive,2013,215000,Kýrmýzý,498000,Antalya Aksu
Giulietta,1.6 JTD Progression Plus,2011,138500,Kýrmýzý,422500,Bursa Osmangazi
Giulietta,1.6 JTD Distinctive,2014,152200,Beyaz,490000,Edirne Merkez
156,2.0 TS,2001,280000,Bordo,195000,Ýstanbul Ataþehir
156,2.0 TS Selespeed,2001,305000,Siyah,210000,Ýzmir Çiðli
147,1.6 TS Distinctive,2003,305000,Gri,200000,Ýzmir Karabaðlar
Giulietta,1.6 JTD Progression Plus,2014,168000,Beyaz,385000,Kilis Merkez
Giulietta,1.6 JTD Distinctive,2013,149500,Beyaz,485000,Gaziantep Þahinbey
Giulietta,1.4 TB MultiAir Distinctive,2012,80000,Kýrmýzý,605000,Isparta Yalvaç
145,1.6,1997,219000,Siyah,110000,Kýrklareli Lüleburgaz
Giulietta,1.6 JTD Distinctive,2013,201000,Siyah,410000,Ýstanbul Üsküdar
Giulietta,1.6 JTD Distinctive,2015,97000,Kýrmýzý,555000,Bursa Osmangazi
159,1.9 JTD Distinctive Plus,2007,244000,Siyah,420000,Ýstanbul Fatih
147,1.6 TS Distinctive,2008,238000,Siyah,230000,Ýstanbul Gaziosmanpaþa
147,2.0 TS Selespeed Distinctive,2004,259000,Siyah,210000,Ankara Çankaya
156,2.0 TS Selespeed,2000,228435,Lacivert,215000,Ýstanbul Baþakþehir
147,1.6 TS Collezione,2009,127000,Beyaz,315000,Ýstanbul Ümraniye
Giulietta,1.6 JTD Distinctive,2011,257000,Beyaz,390000,Aydýn Efeler
Giulietta,1.6 JTD Distinctive,2012,325000,Kýrmýzý,365000,Konya Karatay
147,1.6 TS Distinctive,2005,190000,Gümüþ Gri,220000,Kocaeli Gebze
156,1.6 TS,2001,230000,Kýrmýzý,200000,Uþak Merkez
Giulietta,1.6 JTD Progression Plus,2015,200000,Beyaz,480000,Ýstanbul Büyükçekmece
159,1.9 JTS Distinctive,2007,178000,Bordo,380000,Ýstanbul Küçükçekmece
156,1.6 TS,2000,300000,Gri,172000,Ýstanbul Beylikdüzü
156,2.0 TS Distinctive,2003,195000,Gümüþ Gri,330000,Adana Çukurova
Giulietta,1.6 JTD Distinctive,2014,174000,Siyah,475000,Bilecik Merkez
MiTo,1.4 T MultiAir TCT Sportivo,2012,117250,Kýrmýzý,550000,Bolu Merkez
156,1.6 TS Distinctive,2004,282000,Kýrmýzý,330000,Ýstanbul Maltepe
MiTo,1.3 JTD City,2013,115600,Mavi,390000,Ýstanbul Avcýlar
146,1.4 TS,1998,250000,Mavi,150000,Karabük Safranbolu
Giulietta,1.6 JTD Giulietta,2020,36000,Gri,757990,Ýstanbul Maltepe
147,1.6 TS Distinctive,2003,265000,Kýrmýzý,195000,Ýstanbul Zeytinburnu
Giulietta,1.6 JTD Distinctive,2014,305000,Siyah,410000,Ýstanbul Sancaktepe
159,1.9 JTD Distinctive Plus,2007,235000,Siyah,434500,Adana Çukurova
156,2.0 TS Distinctive,2000,261000,Lacivert,181500,Ýstanbul Sultanbeyli
147,1.6 TS Distinctive,2006,194000,Gri,205000,Hatay Ýskenderun
Giulietta,1.6 JTD Distinctive,2014,106000,Beyaz,550000,Ýzmir Konak
147,1.6 TS Distinctive,2005,270000,Kýrmýzý,185000,Antalya Kaþ
147,1.6 TS Distinctive,2004,193000,Beyaz,230000,Ýstanbul Fatih
147,1.6 TS Distinctive,2005,310000,Kýrmýzý,167500,Ýzmir Çiðli
MiTo,1.4 T MultiAir Quadrifoglio Verde,2011,215000,Siyah,420000,Bursa Yýldýrým
Giulietta,1.6 JTD Distinctive,2013,214000,Beyaz,379750,Sakarya Adapazarý
Giulietta,1.6 JTD Sprint,2022,23480,Kýrmýzý,880000,Ankara Altýndað
Giulietta,1.6 JTD Progression Plus,2014,310000,Beyaz,398500,Ýzmir Karabaðlar
156,1.6 TS Distinctive,2005,273000,Siyah,260000,Antalya Kepez
156,1.6 TS Distinctive,2004,242300,Þampanya,287500,Ýstanbul Kartal
156,1.6 TS,1999,296000,Lacivert,155000,Gaziantep Þehitkamil
156,2.0 TS,1999,257000,Bordo,199000,Ýstanbul Kartal
159,1.9 JTD Distinctive,2006,328000,Siyah,363000,Bolu Merkez
Giulietta,1.6 JTD Progression,2018,119000,Beyaz,588000,Bursa Nilüfer
156,1.6 TS Distinctive,2006,246981,Siyah,275000,Kocaeli Gölcük
147,1.6 TS Distinctive,2004,264140,Siyah,199990,Amasya Merzifon
146,1.6 TS,1999,230000,Kýrmýzý,118000,Konya Ereðli
156,2.0 TS Distinctive,2003,195000,Gümüþ Gri,260000,Ankara Keçiören
156,1.6 TS Distinctive,2005,280000,Mavi,250000,Van Ýpekyolu
156,1.6 TS Distinctive,2000,248500,Kýrmýzý,160000,Kocaeli Gebze
156,1.6 TS Distinctive,2005,185000,Gri,190000,Ýstanbul Fatih
156,2.0 TS,2000,259000,Gri,212000,Konya Selçuklu
156,2.0 JTS Distinctive,2002,252000,Gümüþ Gri,195000,Ýzmir Konak
MiTo,1.4 T MultiAir TCT Sportivo,2013,126000,Beyaz,549000,Ýstanbul Beþiktaþ
147,1.6 TS Distinctive,2006,275000,Turuncu,215000,Ýstanbul Baþakþehir
145,1.6 L,1997,271000,Gri,128000,Ýstanbul Beþiktaþ
Giulietta,1.6 JTD Distinctive,2015,195000,Kýrmýzý,448000,Ýzmir Karþýyaka
146,2.0 Ti,1997,307600,Gümüþ Gri,195500,Ýzmir Balçova
147,1.6 TS Progression,2003,160000,Kýrmýzý,265000,Bilecik Merkez
Giulietta,1.4 TB MultiAir Distinctive,2015,74000,Kýrmýzý,717000,Ýstanbul Beþiktaþ
156,2.0 TS,1998,363000,Gri,525000,Aydýn Efeler
147,1.6 TS Distinctive,2004,273000,Kýrmýzý,178000,Ýstanbul Þiþli
MiTo,1.4 T MultiAir TCT,2011,105000,Siyah,450000,Ýstanbul Ataþehir
156,1.6 TS Distinctive,2004,279400,Gri,275000,Eskiþehir Odunpazarý
Giulietta,1.6 JTD Distinctive,2013,94217,Beyaz,525000,Afyonkarahisar Merkez
Giulietta,1.6 JTD Distinctive,2012,138000,Beyaz,525000,Ýstanbul Eyüpsultan
Giulietta,1.6 JTD Progression Plus,2012,195000,Beyaz,410000,Konya Meram
156,1.6 TS Progression,2004,272000,Siyah,245555,Ýstanbul Baþakþehir
Giulietta,1.4 TB MultiAir Super TCT,2018,65000,Beyaz,579000,Ýstanbul Bayrampaþa
GTV,2.0 TB,1997,195000,Gümüþ Gri,222500,Aydýn Efeler
Giulietta,1.4 TB MultiAir Distinctive,2012,248000,Kýrmýzý,418000,Konya Karatay
156,1.6 TS Distinctive,2006,266000,Siyah,245000,Balýkesir Bigadiç
156,1.6 TS,1998,204000,Gri,177777,Ýstanbul Pendik
MiTo,1.4 T MultiAir Quadrifoglio Verde,2011,152250,Gri,450000,Ankara Gölbaþý
147,1.6 TS Distinctive,2004,210000,Siyah,206000,Ýstanbul Esenyurt
147,1.6 TS Distinctive,2003,336000,Gri,165000,Ankara Etimesgut
159,2.4 JTD Distinctive,2006,116000,Füme,468000,Ýstanbul Baðcýlar
147,1.6 TS Distinctive,2008,147550,Siyah,290000,Ýzmir Bayraklý
146,1.4 TS,1998,320000,Gümüþ Gri,105000,Elazýð Merkez
Giulietta,1.6 JTD Progression Plus,2013,205000,Beyaz,450000,Bursa Osmangazi
147,1.6 TS Distinctive,2006,196500,Gri,212500,Ýstanbul Ataþehir
147,1.6 TS Distinctive,2005,253000,Mavi,239000,Ýstanbul Avcýlar
147,1.6 TS Distinctive,2008,229000,Kýrmýzý,270000,Ýzmir Karþýyaka
Giulietta,1.6 JTD Super TCT,2018,97000,Gri,659000,Ýzmir Gaziemir
Giulietta,1.4 TB MultiAir Distinctive,2011,153000,Siyah,360000,Ýstanbul Baþakþehir
Giulietta,1.4 TB Progression Plus,2013,110000,Beyaz,459000,Bursa Nilüfer
MiTo,1.4 T Progression,2009,164000,Kýrmýzý,388500,Balýkesir Altýeylül
147,1.6 TS Distinctive,2006,195600,Kýrmýzý,255000,Ýstanbul Bakýrköy
159,1.9 JTD Distinctive Plus,2011,350000,Siyah,420000,Ýstanbul Esenler
Giulietta,1.6 JTD Distinctive,2012,265000,Mavi,365000,Ýstanbul Avcýlar
156,2.0 TS,1998,363000,Gri,150000,Amasya Suluova
Giulietta,1.6 JTD Progression,2016,29310,Siyah,665000,Ýstanbul Beþiktaþ
Giulietta,1.6 JTD Progression Plus,2014,177000,Beyaz,495000,Mersin Yeniþehir
155,2.0 TS Super Losso,1997,185000,Lacivert,155000,Mersin Toroslar
156,1.6 TS,1998,231800,Bordo,230000,Ýzmir Karþýyaka
Giulietta,1.6 JTD Distinctive,2011,201000,Beyaz,425000,Ýstanbul Çatalca
159,1.9 JTD Distinctive,2007,356000,Siyah,297500,Kütahya Merkez
Giulietta,1.6 JTD Distinctive,2014,96500,Beyaz,505000,Ýstanbul Çekmeköy
Giulietta,1.6 JTD Progression,2016,140000,Beyaz,627000,Kocaeli Körfez
Giulietta,1.4 TB MultiAir Distinctive,2014,134000,Kýrmýzý,674990,Ýstanbul Maltepe
156,1.6 TS Distinctive,2006,135000,Bej,305000,Ýzmir Karþýyaka
156,1.6 TS Distinctive,2004,260000,Lacivert,259000,Muðla Köyceðiz
Giulietta,1.6 JTD Distinctive,2014,164000,Beyaz,439000,Düzce Kaynaþlý
147,1.6 TS Distinctive,2004,201000,Gümüþ Gri,255000,Burdur Merkez
Giulietta,1.6 JTD Distinctive,2011,152000,Beyaz,550000,Ýstanbul Kadýköy
156,1.6 TS Distinctive,2004,245000,Siyah,240000,Bursa Karacabey
Spider,2.0 TS,1999,153500,Kýrmýzý,575000,Ýstanbul Üsküdar
147,1.6 TS Distinctive,2006,264500,Siyah,225000,Ýstanbul Gaziosmanpaþa
156,2.0 TS,1998,261000,Gümüþ Gri,230000,Çorum Merkez
Giulietta,1.6 JTD Distinctive,2012,196000,Beyaz,395000,Ýzmir Karþýyaka
Giulietta,1.4 TB MultiAir Distinctive,2013,93500,Beyaz,605000,Ankara Yenimahalle
Giulietta,1.6 JTD Distinctive,2012,178000,Beyaz,445000,Ýzmir Buca
Giulietta,1.4 TB MultiAir Distinctive,2015,108000,Gri,690000,Ýstanbul Sarýyer
156,2.0 TS,1998,320000,Siyah,170000,Ýzmir Buca
MiTo,1.4 T MultiAir Quadrifoglio Verde,2011,144000,Siyah,440000,Ýstanbul Ümraniye
147,1.6 TS Distinctive,2006,220000,Þampanya,215000,Ýzmir Karabaðlar
MiTo,1.4 T Distinctive,2012,170000,Kýrmýzý,534990,Ýstanbul Maltepe
156,2.0 TS Distinctive,2001,280000,Gümüþ Gri,185000,Mardin Artuklu
Giulietta,1.6 JTD Distinctive,2012,211000,Kýrmýzý,417000,Ankara Akyurt
Giulietta,1.6 JTD Distinctive,2013,225000,Beyaz,425000,Ýstanbul Çatalca
Giulietta,1.6 JTD Distinctive,2011,249000,Beyaz,408000,Ýzmir Bornova
147,1.6 TS Distinctive,2006,225000,Kýrmýzý,282000,Bursa Yýldýrým
Giulietta,1.4 TB MultiAir Distinctive,2011,165000,Beyaz,445000,Ýstanbul Avcýlar
147,1.6 TS Distinctive,2004,214000,Siyah,230000,Mersin Erdemli
147,1.6 TS Distinctive,2004,247968,Kýrmýzý,187500,Ankara Mamak
Giulietta,1.6 JTD Distinctive,2014,235000,Kýrmýzý,440000,Ankara Etimesgut
Giulietta,1.4 TB Progression Plus,2015,90000,Bordo,525000,Muðla Marmaris
159,1.9 JTD Progression,2006,353000,Bordo,375000,Ankara Çankaya
156,1.6 TS Distinctive,2004,239000,Gri,220000,Ýzmir Buca
156,2.0 TS,2001,240000,Siyah,208000,Mersin Yeniþehir
Giulietta,1.4 TB MultiAir Distinctive,2012,290000,Beyaz,395000,Ýstanbul Baðcýlar
159,1.9 JTD Distinctive Plus,2008,305000,Þampanya,369000,Ankara Çankaya
156,2.0 TS Selespeed,2001,385000,Mavi,205000,Ankara Pursaklar
156,1.6 TS Distinctive,2006,270000,Gri,270000,Tekirdað Muratlý
156,2.0 TS Distinctive,2002,274000,Gümüþ Gri,225000,Ýzmir Bornova
Giulietta,1.6 JTD Distinctive,2011,197500,Gri,425000,Bursa Nilüfer
Giulietta,1.6 JTD Distinctive,2012,203000,Beyaz,405000,Ýzmir Torbalý
Giulietta,1.4 TB Progression Plus,2013,90000,Beyaz,485000,Muðla Menteþe
Giulietta,1.6 JTD Progression Plus,2013,205000,Beyaz,450000,Bursa Nilüfer
147,1.6 TS Distinctive,2004,308000,Kýrmýzý,195000,Ankara Sincan
Giulietta,1.6 JTD Distinctive,2015,185000,Gri,515000,Bursa Nilüfer
Giulietta,1.4 TB MultiAir Distinctive,2014,72100,Beyaz,640000,Gaziantep Þahinbey
156,2.0 TS Distinctive,2001,280000,Gümüþ Gri,525000,Gaziantep Þahinbey
145,1.4 TS STD,1998,245000,Kýrmýzý,143500,Ýstanbul Ümraniye
156,2.0 TS Executive,1999,333700,Kýrmýzý,232500,Ýstanbul Bayrampaþa
156,1.6 TS,1998,288000,Kýrmýzý,168000,Amasya Merzifon
159,1.9 JTD Distinctive Plus,2006,300550,Gri,350000,Ankara Mamak
Giulietta,1.6 JTD Giulietta,2020,54000,Gri,745000,Bursa Gemlik
Giulietta,1.6 JTD Distinctive,2015,51250,Beyaz,530000,Ankara Yenimahalle
Giulietta,1.6 JTD Super TCT,2018,50000,Kahverengi,719750,Ýstanbul Esenyurt
Giulietta,1.4 TB MultiAir Distinctive,2012,144000,Beyaz,405750,Adana Seyhan
Giulietta,1.6 JTD Progression Plus,2012,165000,Gri,455000,Ýstanbul Avcýlar
Giulietta,1.6 JTD Super TCT,2016,87650,Beyaz,725000,Tokat Merkez
147,1.6 TS Progression,2005,295000,Gri,230000,Þanlýurfa Haliliye
Giulietta,1.6 JTD Distinctive,2014,138000,Kýrmýzý,400000,Mersin Tarsus
156,1.6 TS Distinctive,2004,198839,Gri,260000,Ýstanbul Sarýyer
156,2.0 JTS Distinctive,2004,122500,Gri,272000,Gaziantep Þahinbey
Giulietta,1.6 JTD Distinctive,2012,257300,Kýrmýzý,413000,Balýkesir Bandýrma
156,1.6 TS Distinctive,2005,202000,Mavi,249999,Aydýn Nazilli
159,1.9 JTD Distinctive Plus,2007,203000,Siyah,400000,Ýstanbul Ataþehir
Giulietta,1.6 JTD Distinctive,2014,146000,Siyah,495000,Ýstanbul Beylikdüzü
Giulietta,1.6 JTD Distinctive,2014,165000,Siyah,393000,Konya Meram
Giulietta,1.6 JTD Progression Plus,2014,125000,Beyaz,489900,Ýstanbul Kartal
Giulietta,1.6 JTD Giulietta,2020,44500,Kýrmýzý,735000,Ýstanbul Esenler
147,1.6 TS Distinctive,2004,312000,Kýrmýzý,217500,Malatya Yeþilyurt
Giulietta,1.6 JTD Distinctive,2015,114000,Kýrmýzý,525000,Sivas Suþehri
MiTo,1.3 JTD City,2012,65000,Kýrmýzý,375000,Ýstanbul Sarýyer
Giulietta,1.4 TB MultiAir Distinctive,2012,139000,Beyaz,510000,Ankara Mamak
Giulietta,1.6 JTD Progression Plus,2015,187000,Beyaz,498000,Antalya Muratpaþa
159,1.9 JTD Distinctive Plus,2007,203000,Siyah,134000,Balýkesir Bandýrma
Giulietta,1.6 JTD Distinctive,2014,147000,Siyah,447000,Antalya Kemer
Giulietta,1.4 TB MultiAir Distinctive,2012,111951,Beyaz,535000,Ýstanbul Kadýköy
Giulietta,1.4 TB MultiAir Distinctive,2011,220000,Siyah,382000,Osmaniye Merkez
156,1.6 TS Distinctive,2005,265000,Siyah,270000,Malatya Battalgazi
Giulietta,1.4 TB MultiAir Distinctive,2014,119500,Beyaz,720000,Ýstanbul Büyükçekmece
156,2.0 TS Distinctive,2004,212000,Gümüþ Gri,275000,Ankara Diðer
Giulietta,1.4 TB MultiAir Distinctive,2014,112000,Beyaz,620000,Ýstanbul Bakýrköy
156,2.0 JTS Distinctive,2005,287000,Siyah,287500,Ýstanbul Beylikdüzü
156,1.6 TS Progression,2004,284200,Kahverengi,220000,Hatay Kýrýkhan
Giulietta,1.6 JTD Distinctive,2014,110000,Kýrmýzý,478750,Ýstanbul Esenyurt
Giulietta,1.4 TB MultiAir Distinctive,2015,101000,Kýrmýzý,665000,Ýstanbul Fatih
147,1.6 TS Distinctive,2004,285834,Gri,200000,Çorum Merkez
Giulia,2.0 T Veloce,2021,12500,Gri,2205000,Ýstanbul Baðcýlar
Giulietta,1.4 TB MultiAir Distinctive,2013,180000,Beyaz,595750,Gaziantep Þehitkamil
Giulietta,1.6 JTD Progression Plus,2012,257000,Beyaz,465000,Bursa Osmangazi
Giulietta,1.6 JTD Distinctive,2015,155996,Kýrmýzý,538000,Ankara Çankaya
Giulietta,1.4 TB MultiAir Progression Pluse,2012,160000,Beyaz,490000,Ýstanbul Beþiktaþ
147,2.0 TS Selespeed Distinctive,2005,194000,Gümüþ Gri,217250,Ankara Akyurt
156,2.0 TS,1999,530000,Siyah,130000,Ýstanbul Sultanbeyli
145,1.4 TS STD,1998,260000,Þampanya,134000,Ankara Çankaya
Giulietta,1.6 JTD Distinctive,2011,220000,Kýrmýzý,480000,Bursa Mudanya
159,1.9 JTD Distinctive Plus,2008,326000,Kýrmýzý,385000,Ýstanbul Baðcýlar
Giulietta,1.6 JTD Distinctive,2013,177000,Kýrmýzý,419000,Ankara Çankaya
Giulietta,1.6 JTD Distinctive,2012,329000,Beyaz,362500,Ýstanbul Çatalca
Giulietta,1.4 TB MultiAir Distinctive,2014,96500,Beyaz,599000,Uþak Merkez
Giulietta,1.6 JTD Distinctive,2013,184000,Beyaz,445000,Ýzmir Karþýyaka
Giulietta,1.6 JTD Distinctive,2014,148000,Beyaz,469000,Ýzmir Buca
Giulietta,1.6 JTD Distinctive,2013,174000,Kýrmýzý,430000,Ýzmir Bayraklý
156,1.6 TS Distinctive,2004,299700,Kýrmýzý,300500,Ýstanbul Gaziosmanpaþa
Giulietta,1.6 JTD Distinctive,2015,179000,Kýrmýzý,460000,Gaziantep Þehitkamil
MiTo,1.4 T MultiAir TCT,2011,146000,Beyaz,449900,Ýstanbul Esenyurt
159,1.9 JTD Distinctive Plus,2010,130000,Siyah,525000,Bursa Yýldýrým
Giulietta,1.6 JTD Progression Plus,2012,100500,Beyaz,598000,Kocaeli Ýzmit
Giulietta,1.6 JTD Progression Plus,2013,163000,Beyaz,425000,Ýstanbul Maltepe
147,1.6 TS Distinctive,2008,247500,Kýrmýzý,260000,Balýkesir Ayvalýk
Giulietta,1.6 JTD Distinctive,2012,202000,Bordo,390000,Kocaeli Ýzmit
MiTo,1.3 JTD City,2013,118000,Kýrmýzý,435000,Muðla Menteþe
Giulietta,1.6 JTD Giulietta,2020,35494,Gri,727000,Ýstanbul Çekmeköy
GT,2.0 JTS Distinctive,2006,167000,Lacivert,325000,Ýstanbul Zeytinburnu
156,2.0 TS Selespeed,2001,313000,Siyah,235000,Ankara Etimesgut
159,1.9 JTD Distinctive Plus,2008,410000,Bej,299000,Eskiþehir Odunpazarý
147,1.6 TS Distinctive,2006,250254,Siyah,220000,Eskiþehir Odunpazarý
Giulietta,1.6 JTD Progression Plus,2011,110827,Beyaz,450000,Mersin Yeniþehir
GT,2.0 JTS Dis.Selespeed,2006,151000,Gri,289000,Ýstanbul Kartal
Giulietta,1.6 JTD Distinctive,2011,220000,Kýrmýzý,505000,Ýstanbul Beylikdüzü
Giulietta,1.6 JTD Super TCT,2016,97000,Siyah,749750,Ýzmir Narlýdere
Giulietta,1.4 TB MultiAir Distinctive,2013,136500,Beyaz,565000,Adana Seyhan
Giulietta,1.6 JTD Distinctive,2014,154000,Beyaz,435000,Ýstanbul Baþakþehir
MiTo,1.3 JTD City,2012,184000,Kýrmýzý,355000,Bursa Osmangazi
159,1.9 JTD Distinctive,2008,221000,Siyah,390000,Denizli Merkezefendi
146,1.4 TS Ritmo,1999,220000,Kýrmýzý,435000,Bursa Osmangazi
156,2.0 JTS Distinctive,2004,250000,Siyah,252000,Ýzmir Buca
159,1.9 JTD Distinctive Plus,2010,207550,Gri,450000,Ýzmir Konak
Giulietta,1.4 TB Distinctive,2011,129000,Siyah,535000,Gaziantep Þehitkamil
Giulietta,1.6 JTD Progression Plus,2011,270000,Füme,435000,Ankara Etimesgut
Giulietta,1.6 JTD Progression Plus,2013,169000,Kýrmýzý,480000,Ýstanbul Kaðýthane
156,1.6 TS,2001,194000,Beyaz,182000,Þanlýurfa Haliliye
147,1.6 TS Distinctive,2005,275000,Siyah,215000,Ýstanbul Baðcýlar
Giulietta,1.6 JTD Progression Plus,2015,249000,Beyaz,458500,Antalya Kepez
147,1.6 TS Distinctive,2006,235000,Gümüþ Gri,205000,Ýstanbul Gaziosmanpaþa
146,1.4 TS,1998,244000,Bordo,159999,Van Çaldýran
GT,2.0 JTS Dis.Selespeed,2007,155000,Mavi,380000,Ýstanbul Bayrampaþa
Spider,3.0 TS,1996,89000,Siyah,575000,Ýstanbul Kartal
147,1.6 TS Progression,2005,257540,Gri,240000,Ýzmir Karabaðlar
146,1.4 TS Ritmo,1999,220000,Kýrmýzý,109000,Ýzmir Konak
156,1.6 TS Distinctive,2004,219000,Gri,253000,Mersin Yeniþehir
Giulietta,1.4 TB MultiAir Distinctive,2011,79000,Siyah,600000,Van Tuþba
166,2.0 TS Distinctive,2005,290000,Siyah,270000,Ýzmir Buca
147,1.6 TS Distinctive,2007,273000,Kýrmýzý,230000,Ýstanbul Ataþehir
Giulietta,1.4 TB MultiAir Distinctive,2015,54670,Beyaz,652000,Konya Karatay
156,1.6 TS,1999,280000,Mavi,185000,Kýrklareli Vize
Giulietta,1.6 JTD Distinctive,2012,169700,Beyaz,479000,Ankara Çankaya
156,1.6 TS,2001,274400,Kýrmýzý,200000,Sakarya Adapazarý
159,1.9 JTD Distinctive Plus,2007,239000,Siyah,455900,Ýstanbul Çekmeköy
145,1.4 TS STD,1999,256000,Kýrmýzý,119750,Rize Çayeli
Giulietta,1.6 JTD Progression Plus,2012,128000,Beyaz,425000,Bursa Nilüfer
159,1.9 JTS Distinctive,2008,300000,Siyah,365000,Ýstanbul Ümraniye
Giulietta,1.4 TB MultiAir Distinctive,2012,190000,Beyaz,480000,Mersin Akdeniz
Giulietta,1.4 TB MultiAir Distinctive,2012,64100,Beyaz,573000,Antalya Serik
159,1.9 JTD Distinctive,2007,250100,Gri,385000,Ýstanbul Beyoðlu
145,1.7,1996,204000,Kýrmýzý,135000,Edirne Merkez
156,2.0 TS Executive,1999,238000,Füme,193000,Ýzmir Konak
Giulietta,1.4 TB MultiAir Distinctive,2011,213000,Kýrmýzý,441000,Adana Seyhan
Giulietta,1.6 JTD Super TCT,2017,159000,Gümüþ Gri,615000,Eskiþehir Odunpazarý
Giulietta,1.4 TB Distinctive,2011,88000,Beyaz,375000,Sakarya Adapazarý
166,3.0 Sportronic,1999,220000,Gri,215000,Kocaeli Çayýrova
Giulietta,1.6 JTD Distinctive,2014,152000,Siyah,510000,Ankara Çankaya
156,1.6 TS Distinctive,2003,249000,Lacivert,228000,Ýzmir Bornova
Giulietta,1.4 TB MultiAir Distinctive,2013,115000,Kýrmýzý,575000,Ordu Ünye
145,1.6,1996,224000,Kýrmýzý,85000,Eskiþehir Tepebaþý
Giulietta,1.6 JTD Distinctive,2013,163000,Kýrmýzý,474000,Kocaeli Ýzmit
156,1.6 TS,2001,279000,Mavi,205000,Ýstanbul Ümraniye
156,1.6 TS Distinctive,2006,211000,Siyah,285000,Diyarbakýr Kulp
146,1.6 TS,1998,305000,Gri,120000,Diyarbakýr Yeniþehir
146,1.4 TS,1997,223000,Kýrmýzý,129900,Kocaeli Darýca
156,1.6 TS Distinctive,2004,233000,Siyah,225000,Ýzmir Gaziemir
147,1.6 TS Distinctive,2005,167000,Siyah,235000,Ýzmir Kemalpaþa
145,1.4 TS STD,1998,315000,Mavi,134000,Ankara Etimesgut
166,2.0 TS,2002,177000,Bordo,184000,Gaziantep Oðuzeli
Giulietta,1.4 TB Progression Plus,2015,57000,Kýrmýzý,579000,Ýstanbul Maltepe
147,1.6 TS Distinctive,2005,298500,Mavi,245000,Ýzmir Bergama
Giulietta,1.4 TB Distinctive,2011,135000,Beyaz,362000,Ýstanbul Beylikdüzü
Giulietta,1.6 JTD Distinctive,2015,130000,Kýrmýzý,553000,Ýstanbul Beykoz
146,1.6 L,1996,332000,Siyah,125000,Adana Seyhan
Giulietta,1.6 JTD Progression Plus,2014,252500,Beyaz,445000,Ýzmir Bornova
Giulietta,1.4 TB MultiAir Distinctive,2011,169000,Beyaz,457000,Þýrnak Cizre
Giulietta,1.4 TB MultiAir Distinctive,2014,119000,Lacivert,615000,Konya Meram
MiTo,1.4 T MultiAir TCT,2013,99000,Beyaz,449900,Ýstanbul Büyükçekmece
MiTo,1.3 JTD City,2012,199000,Beyaz,364000,Ýstanbul Esenyurt
156,1.6 TS Distinctive,2004,260000,Gri,282000,Ýstanbul Küçükçekmece
Giulietta,1.6 JTD Progression,2018,110000,Beyaz,628000,Ankara Akyurt
146,1.6 L,1996,275000,Þampanya,120000,Ýstanbul Kadýköy
Giulietta,1.6 JTD Progression Plus,2015,159000,Kýrmýzý,514000,Konya Selçuklu
147,1.6 TS Progression,2006,360000,Siyah,200000,Antalya Alanya
Giulietta,1.6 JTD Progression Plus,2015,179000,Beyaz,550000,Ýstanbul Avcýlar
146,1.4 TS,1998,288000,Gri,135500,Ankara Elmadað
156,1.6 TS Distinctive,2004,280000,Gri,227500,Yozgat Sorgun
Giulietta,1.6 JTD Distinctive,2014,213000,Siyah,480000,Kayseri Kocasinan
147,1.6 TS Progression,2008,198500,Kýrmýzý,216000,Balýkesir Gönen
156,1.6 TS Distinctive,2004,280000,Mavi,230000,Ýzmir Karþýyaka
Giulietta,1.6 JTD Giulietta,2020,28300,Kýrmýzý,765000,Ýstanbul Esenyurt
Giulietta,1.6 JTD Distinctive,2013,133696,Kýrmýzý,449750,Ýstanbul Ümraniye
147,1.6 TS Progression,2009,182000,Kýrmýzý,279000,Ýstanbul Sarýyer
Giulietta,1.4 TB MultiAir Distinctive,2011,110000,Beyaz,528000,Çanakkale Yenice
Giulietta,1.4 TB Progression Plus,2013,165000,Beyaz,437500,Ýstanbul Ataþehir
Giulietta,1.6 JTD Distinctive,2012,180000,Beyaz,369850,Ýstanbul Eyüpsultan
Giulietta,1.6 JTD Distinctive,2014,220000,Kýrmýzý,370000,Ankara Yenimahalle
Giulietta,1.6 JTD Super TCT,2016,110000,Gri,790000,Konya Meram
159,1.9 JTD Distinctive,2006,190000,Siyah,320000,Ýstanbul Kartal
156,2.0 TS Distinctive,2001,272000,Siyah,193000,Ankara Yenimahalle
Giulietta,1.6 JTD Progression Plus,2012,172600,Beyaz,425000,Sakarya Sapanca
Giulietta,1.4 TB Progression Plus,2011,97000,Beyaz,445000,Kocaeli Gebze
Giulietta,1.4 TB Progression Plus,2011,180000,Beyaz,399000,Ýstanbul Baþakþehir
145,1.6,1996,115500,Yeþil,122750,Ýstanbul Ümraniye
Giulietta,1.6 JTD Distinctive,2014,60173,Kýrmýzý,535000,Ýstanbul Ümraniye
Giulietta,1.6 JTD Super TCT,2018,73500,Beyaz,714500,Ýstanbul Ataþehir
Giulietta,1.4 TB MultiAir Distinctive,2012,116000,Beyaz,653990,Ýstanbul Maltepe
147,1.6 TS Distinctive,2003,182000,Kýrmýzý,245000,Ýstanbul Küçükçekmece
146,1.6 L,1997,248000,Siyah,123000,Isparta Merkez
145,1.6,1996,240000,Kýrmýzý,137000,Muðla Bodrum
156,1.6 TS,2001,315000,Gümüþ Gri,161900,Ýstanbul Baþakþehir
Giulietta,1.6 JTD Distinctive,2012,155000,Kýrmýzý,478000,Bursa Nilüfer
147,2.0 TS Selespeed Distinctive,2005,245000,Siyah,240000,Gaziantep Þehitkamil
147,1.6 TS Distinctive,2007,260000,Bordo,230000,Antalya Alanya
156,1.6 TS Distinctive,2004,176000,Kýrmýzý,275000,Ýstanbul Maltepe
MiTo,1.4 T MultiAir TCT Sportivo,2012,106000,Beyaz,520000,Ýstanbul Beykoz
Giulietta,1.6 JTD Distinctive,2011,275000,Beyaz,361500,Eskiþehir Odunpazarý
156,1.6 TS Progression,2004,187000,Siyah,224000,Antalya Kepez
146,1.4 TS,1997,295000,Beyaz,113000,Þanlýurfa Haliliye
GT,2.0 JTS Distinctive,2006,160000,Kýrmýzý,338000,Kocaeli Baþiskele
Giulietta,1.6 JTD Distinctive,2014,104200,Siyah,525000,Kayseri Talas
Giulietta,1.6 JTD Distinctive,2015,179600,Beyaz,474500,Ankara Çankaya
Giulietta,1.4 TB MultiAir Distinctive,2011,120000,Beyaz,460000,Ýstanbul Ataþehir
159,1.9 JTD Distinctive Plus,2007,208900,Siyah,425000,Hatay Dörtyol
Giulietta,1.6 JTD Progression Plus,2011,116000,Beyaz,452000,Ýstanbul Eyüpsultan
147,1.6 TS Distinctive,2003,283000,Kýrmýzý,176000,Mersin Toroslar
155,2.0 TS Super Losso,1997,280000,Siyah,140000,Konya Selçuklu
MiTo,1.4 T Distinctive,2009,165500,Kýrmýzý,405000,Ýstanbul Gaziosmanpaþa
156,1.6 TS Distinctive,2004,264000,Füme,255000,Ýstanbul Avcýlar
Giulietta,1.4 TB MultiAir Super TCT,2017,56250,Beyaz,880000,Rize Merkez
Giulietta,1.6 JTD Progression Plus,2011,221000,Beyaz,398000,Antalya Muratpaþa
156,1.6 TS,1998,243000,Mavi,143000,Ýstanbul Diðer
Giulietta,1.4 TB MultiAir Distinctive,2013,145000,Beyaz,455000,Kayseri Kocasinan
147,1.6 TS Progression,2004,197000,Siyah,195000,Ankara Beypazarý
145,1.6,1997,288000,Kýrmýzý,143000,Ýstanbul Ataþehir
Giulia,2.0 T Veloce,2022,7350,Siyah,2390000,Ýstanbul Kadýköy
Giulietta,1.4 TB MultiAir Distinctive,2013,145000,Beyaz,113000,Ýstanbul Ümraniye
Giulietta,1.6 JTD Distinctive,2011,162700,Siyah,439900,Ýzmir Gaziemir
Giulietta,1.6 JTD Progression Plus,2014,128000,Beyaz,482000,Ýstanbul Zeytinburnu
Giulietta,1.6 JTD Distinctive,2015,137300,Beyaz,520000,Ankara Çankaya
GT,2.0 JTS Distinctive,2006,124236,Siyah,350000,Ýstanbul Fatih
Giulietta,1.6 JTD Progression Plus,2013,150000,Beyaz,475000,Antalya Muratpaþa
156,2.0 TS Distinctive,2001,222000,Gri,152000,Ýstanbul Küçükçekmece
MiTo,1.6 JTD Distinctive,2009,225000,Beyaz,350000,Ýstanbul Baðcýlar
Giulietta,1.4 TB MultiAir Distinctive,2013,76421,Beyaz,582000,Çorum Merkez
Giulietta,1.6 JTD Distinctive,2014,133000,Beyaz,460000,Aydýn Kuþadasý
156,1.6 TS,1999,243000,Kýrmýzý,220000,Samsun Tekkeköy
156,2.0 TS,1998,217000,Yeþil,235000,Ýstanbul Ataþehir
146,1.6 L,1997,197000,Siyah,115000,Ýstanbul Tuzla
147,1.6 TS Distinctive,2004,227000,Siyah,205000,Antalya Muratpaþa
156,2.0 TS Selespeed,2000,353000,Gümüþ Gri,235000,Ýstanbul Ümraniye
146,1.9 JTD,2000,357000,Lacivert,115000,Kýrýkkale Merkez
MiTo,1.4 T Distinctive,2009,197000,Siyah,345000,Kocaeli Ýzmit
Giulietta,1.6 JTD Distinctive,2012,122000,Beyaz,430000,Ýzmir Gaziemir
147,1.6 TS Distinctive,2008,225000,Mavi,220000,Adýyaman Kahta
Giulietta,1.4 TB Progression Plus,2014,63000,Beyaz,535000,Ýstanbul Büyükçekmece
156,2.0 TS,1998,276000,Siyah,140000,Antalya Alanya
156,2.0 TS Selespeed,2000,73000,Gümüþ Gri,399000,Ýstanbul Kadýköy
Giulietta,1.6 JTD Distinctive,2012,142500,Kýrmýzý,430000,Ankara Etimesgut
145,1.6,1996,225000,Siyah,124750,Kocaeli Çayýrova
MiTo,1.4 T MultiAir TCT,2011,142000,Beyaz,500000,Ýstanbul Üsküdar
156,2.0 TS Distinctive,2000,366000,Kýrmýzý,205000,Ýstanbul Kadýköy
156,1.6 TS Distinctive,2005,214800,Þampanya,280000,Ýstanbul Avcýlar
Giulietta,1.4 TB MultiAir Distinctive,2014,166000,Kýrmýzý,625000,Uþak Merkez
Giulietta,1.4 TB MultiAir Distinctive,2012,139000,Gümüþ Gri,498000,Ankara Çankaya
GTV,2.0 TB,1997,142000,Beyaz,421000,Antalya Aksu
Giulietta,1.6 JTD Distinctive,2013,190000,Beyaz,455000,Gaziantep Þehitkamil
156,1.6 TS Distinctive,2005,273000,Siyah,242000,Gaziantep Þahinbey
Giulietta,1.4 TB MultiAir Distinctive,2013,123000,Beyaz,579000,Manisa Salihli
Giulietta,1.6 JTD Super TCT,2020,49000,Beyaz,835000,Antalya Muratpaþa
166,2.0 TS Executive,2001,260000,Siyah,145000,Sivas Þarkýþla
Giulia,2.0 T Veloce,2022,6500,Siyah,2350000,Gaziantep Þehitkamil
Giulietta,1.4 TB MultiAir Distinctive,2011,205000,Beyaz,482000,Bursa Osmangazi
Giulietta,1.6 JTD Distinctive,2012,301000,Kýrmýzý,383500,Ýstanbul Baðcýlar
147,1.6 TS Distinctive,2005,213000,Füme,265000,Ýstanbul Büyükçekmece
156,2.0 TS,1999,251000,Siyah,165000,Gaziantep Þahinbey
Giulietta,1.4 TB MultiAir Distinctive,2015,87000,Beyaz,630000,Ýstanbul Küçükçekmece
146,1.6 L,1996,251000,Beyaz,95000,Kayseri Kocasinan
33,1.5 IE,1990,147000,Kýrmýzý,72500,Ýstanbul Pendik
Giulietta,1.6 JTD Distinctive,2012,176000,Beyaz,422500,Ankara Etimesgut
Giulietta,1.6 JTD Progression Plus,2011,237000,Siyah,390000,Gaziantep Þahinbey
Giulietta,1.6 JTD Distinctive,2011,177000,Beyaz,398000,Ýstanbul Ümraniye
145,1.7,1995,247000,Gri,90000,Ýstanbul Eyüpsultan
159,1.9 JTD Distinctive Plus,2008,319000,Kahverengi,425000,Ýzmir Çiðli
147,1.6 TS Distinctive,2004,270000,Gümüþ Gri,203000,Ankara Keçiören
159,1.9 JTD Distinctive,2006,269000,Gri,298000,Ýstanbul Bayrampaþa
145,1.6,1996,215000,Yeþil,145000,Mersin Erdemli
147,2.0 TS Selespeed Distinctive,2004,175000,Bej,215000,Ýstanbul Ataþehir
Giulietta,1.4 TB MultiAir Distinctive,2011,94000,Gümüþ Gri,500000,Balýkesir Karesi
MiTo,1.4 T MultiAir TCT,2013,115000,Beyaz,430000,Ýstanbul Beþiktaþ
Giulietta,1.6 JTD Distinctive,2015,103084,Siyah,563000,Ankara Çankaya
Giulietta,1.6 JTD Distinctive,2013,156000,Beyaz,420000,Ýstanbul Kartal
156,1.6 TS Distinctive,2003,380000,Siyah,145000,Malatya Yeþilyurt
147,1.6 TS Collezione,2008,159300,Siyah,285000,Uþak Merkez
Giulietta,1.4 TB MultiAir Distinctive,2012,179900,Beyaz,525000,Antalya Muratpaþa
Giulietta,1.6 JTD Distinctive,2012,160000,Beyaz,413000,Ýstanbul Bahçelievler
156,1.6 TS Distinctive,2004,353000,Gri,203500,Ýstanbul Bahçelievler
Giulietta,1.6 JTD Super TCT,2018,155200,Gri,613000,Ýstanbul Sancaktepe
Giulietta,1.6 JTD Distinctive,2013,161000,Beyaz,455000,Ýstanbul Sancaktepe
Giulietta,1.4 TB MultiAir Distinctive,2012,286000,Beyaz,459000,Düzce Merkez
Giulietta,1.6 JTD Progression Plus,2012,104700,Beyaz,457500,Ýstanbul Kadýköy
Giulietta,1.6 JTD Progression,2017,47000,Beyaz,725000,Ankara Çankaya
Giulietta,1.4 TB MultiAir Distinctive,2015,259000,Siyah,520850,Ýstanbul Maltepe
156,1.6 TS Distinctive,2006,299000,Füme,225000,Aydýn Söke
Giulietta,1.6 JTD Distinctive,2011,188000,Beyaz,393750,Ýstanbul Esenyurt
MiTo,1.4 T MultiAir Quadrifoglio Verde,2010,118000,Kýrmýzý,365000,Ýstanbul Esenyurt
Giulietta,1.4 TB MultiAir Distinctive,2014,78000,Kýrmýzý,634500,Sakarya Serdivan
159,3.2 JTS Q4 Distinctive,2006,208000,Füme,1375000,Ýstanbul Sarýyer
Giulietta,1.6 JTD Distinctive,2013,235000,Kýrmýzý,392500,Ýstanbul Ataþehir
Giulietta,1.6 JTD Progression Plus,2011,178000,Siyah,410000,Ýstanbul Gaziosmanpaþa
147,1.6 TS Distinctive,2004,253000,Kýrmýzý,193000,Ýzmir Çiðli
159,1.9 JTD Distinctive,2006,311000,Siyah,295000,Kayseri Kocasinan
MiTo,1.4 T Distinctive,2009,168000,Sarý,339000,Ýstanbul Kadýköy
156,1.6 TS Distinctive,2004,262000,Gri,219999,Hatay Dörtyol
156,2.0 TS,1999,290000,Gri,135000,Ýstanbul Kaðýthane
147,1.6 TS Progression,2007,79000,Kýrmýzý,310000,Çanakkale Lapseki
147,1.6 TS Progression,2009,93600,Siyah,332500,Ýstanbul Beylikdüzü
156,2.0 TS,1999,300000,Beyaz,138000,Ýstanbul Beykoz
156,2.0 TS Distinctive,2002,237500,Kýrmýzý,175000,Muðla Bodrum
Giulietta,1.6 JTD Distinctive,2012,215000,Kýrmýzý,435000,Denizli Acýpayam
156,2.0 TS Distinctive,2000,370000,Gri,187000,Muðla Milas
MiTo,1.6 JTD Progression,2009,217000,Kahverengi,335900,Ýstanbul Büyükçekmece
Giulia,2.0 T Veloce,2022,13500,Gri,2650000,Ýstanbul Ataþehir
156,1.6 TS Distinctive,2005,187000,Siyah,283000,Balýkesir Karesi
156,1.6 TS Distinctive,2005,240000,Gri,270000,Mardin Savur
Giulietta,1.6 JTD Distinctive,2014,170000,Beyaz,620000,Ýzmir Karþýyaka
159,1.9 JTD Distinctive Plus,2008,204500,Gümüþ Gri,432500,Aksaray Merkez
159,1.9 JTD Distinctive Plus,2008,269000,Bordo,337900,Ýstanbul Baðcýlar
Giulietta,1.6 JTD Super TCT,2016,105000,Kýrmýzý,179000,Hatay Dörtyol
Giulietta,1.6 JTD Distinctive,2015,118000,Beyaz,520000,Ankara Çankaya
147,1.6 TS Distinctive,2005,320000,Kýrmýzý,253000,Mersin Silifke
MiTo,1.3 JTD City,2012,146700,Beyaz,340000,Manisa Soma
Giulietta,1.4 TB MultiAir Distinctive,2014,133876,Kýrmýzý,639000,Ýstanbul Üsküdar
Giulia,2.0 T Sprint,2020,32700,Lacivert,1890000,Ýstanbul Üsküdar
Giulietta,1.6 JTD Progression Plus,2011,222000,Beyaz,382000,Ýstanbul Kaðýthane
156,2.0 TS Executive,1999,230000,Gümüþ Gri,172000,Eskiþehir Odunpazarý
Giulietta,1.6 JTD Super TCT,2016,75800,Kýrmýzý,663900,Denizli Sarayköy
Giulietta,1.6 JTD Distinctive,2012,245000,Beyaz,395000,Ýstanbul Kadýköy
156,1.6 TS Distinctive,2004,249500,Füme,179000,Adana Çukurova
147,1.6 TS Distinctive,2004,210000,Gri,235000,Ýzmir Güzelbahçe
Brera,3.2 JTS Q4 Sky Window,2006,6080,Siyah,1700000,Ýstanbul Maltepe
Giulietta,1.6 JTD Super TCT,2016,105000,Kýrmýzý,710000,Mersin Yeniþehir
Giulietta,1.6 JTD Super TCT,2016,140000,Beyaz,725000,Eskiþehir Odunpazarý
159,1.9 JTD Distinctive Plus,2008,10000,Siyah,305000,Ýstanbul Bakýrköy
156,1.6 TS Progression,2004,220000,Kýrmýzý,285000,Burdur Bucak
Giulietta,1.6 JTD Distinctive,2014,117000,Beyaz,515000,Ýstanbul Baþakþehir
Giulietta,1.6 JTD Distinctive,2015,103000,Kýrmýzý,550000,Diyarbakýr Kayapýnar
159,1.9 JTD Distinctive,2006,212000,Siyah,365000,Balýkesir Altýeylül
156,1.6 TS Distinctive,2006,360000,Siyah,190000,Ýstanbul Ataþehir
Giulietta,1.4 TB MultiAir Distinctive,2015,89592,Beyaz,779000,Ankara Etimesgut
Giulietta,1.6 JTD Distinctive,2014,90000,Siyah,492000,Bartýn Merkez
155,2.0 TS Sport,1997,275025,Gri,140000,Aydýn Kuþadasý
156,2.0 TS Executive,1999,227000,Siyah,180000,Eskiþehir Tepebaþý
147,1.6 TS Progression,2004,230000,Siyah,200000,Erzurum Yakutiye
159,1.9 JTD Distinctive,2006,258000,Kýrmýzý,304000,Batman Merkez
Giulietta,1.4 TB MultiAir Distinctive,2012,116000,Beyaz,617000,Ýstanbul Pendik
156,1.6 TS Distinctive,2006,187000,Gri,265000,Ýstanbul Bahçelievler
147,1.6 TS Distinctive,2005,242000,Gri,210000,Çorum Sungurlu
Giulietta,1.6 JTD Progression,2016,166000,Beyaz,615000,Adana Seyhan
159,1.9 JTD Distinctive Plus,2009,187000,Beyaz,450000,Ýzmir Konak
147,1.6 TS Distinctive,2005,299000,Siyah,229900,Nevþehir Merkez
MiTo,1.4 T MultiAir TCT Sportivo,2011,97000,Beyaz,515000,Kocaeli Gebze
159,1.9 JTD Distinctive,2008,300500,Siyah,615000,Bursa Osmangazi
147,1.6 TS Black Line,2006,175000,Siyah,245000,Ýstanbul Beþiktaþ
156,1.6 TS Distinctive,2004,185000,Füme,272500,Ýstanbul Kadýköy
156,1.6 TS Distinctive,2004,290000,Gümüþ Gri,233750,Ankara Keçiören
Giulietta,1.6 JTD Distinctive,2014,167000,Beyaz,475000,Tekirdað Çorlu
Giulietta,1.6 JTD Distinctive,2011,266000,Beyaz,370000,Ýstanbul Ümraniye
147,1.6 TS Distinctive,2004,223000,Kýrmýzý,209000,Çorum Merkez
Giulietta,1.6 JTD Distinctive,2013,175000,Beyaz,449000,Ýzmir Karþýyaka
166,2.0 TS,1999,180000,Gümüþ Gri,208000,Antalya Konyaaltý
Giulia,2.0 T Veloce,2020,46000,Mavi,2150000,Ýstanbul Kadýköy
159,1.9 JTD Distinctive,2008,300500,Siyah,350000,Ýstanbul Zeytinburnu
Giulietta,1.4 TB MultiAir Distinctive,2013,123000,Beyaz,465000,Ýstanbul Sarýyer
Giulietta,1.6 JTD Progression Plus,2013,146500,Beyaz,410000,Rize Çayeli
146,1.6 L,1997,215000,Siyah,97000,Konya Selçuklu
Giulietta,1.4 TB Distinctive,2011,104000,Beyaz,455000,Ýstanbul Pendik
156,2.0 TS,2000,287000,Siyah,159999,Aydýn Söke
Giulietta,1.4 TB MultiAir Distinctive,2013,90550,Beyaz,605000,Ýstanbul Maltepe
Giulietta,1.4 TB MultiAir Distinctive,2012,165000,Füme,535000,Ýstanbul Fatih
146,1.6 TS,1997,352000,Lacivert,121000,Ýstanbul Küçükçekmece
156,1.6 TS Distinctive,2004,248000,Bej,265000,Ýzmir Karabaðlar
Giulietta,1.6 JTD Distinctive,2014,150000,Kýrmýzý,449000,Ýstanbul Çekmeköy
Giulietta,1.6 JTD Distinctive,2012,220000,Beyaz,449000,Ýstanbul Sancaktepe
147,1.6 TS Distinctive,2008,158000,Kýrmýzý,295000,Sivas Merkez
33,1.7 IE,1994,210000,Beyaz,127000,Ýstanbul Maltepe
156,1.6 TS,2001,344000,Siyah,160000,Konya Selçuklu
147,1.6 TS Progression,2003,236500,Kýrmýzý,205000,Ankara Mamak
Giulietta,1.75 TBI Quadrifoglio Verde,2011,167000,Kýrmýzý,657000,Antalya Konyaaltý
MiTo,1.4 T Progression,2009,275000,Siyah,342500,Ankara Çankaya
147,1.6 TS Distinctive,2006,228000,Gri,230000,Ýstanbul Esenyurt
MiTo,1.6 JTD Distinctive,2010,270000,Beyaz,325000,Ýstanbul Baþakþehir
156,2.0 TS Selespeed,2001,290000,Mavi,225000,Ýstanbul Baþakþehir
159,1.9 JTD Distinctive,2007,208412,Gümüþ Gri,370000,Ýzmir Karþýyaka
159,1.9 JTD Distinctive,2006,262000,Siyah,335000,Diðer
156,1.6 TS Distinctive,2004,343000,Lacivert,215000,Muðla Bodrum
145,1.4 TS STD,1998,180000,Lacivert,118000,Antalya Diðer
MiTo,1.4 T Distinctive,2011,178000,Siyah,430000,Ýstanbul Maltepe
156,2.0 TS,1998,299993,Gümüþ Gri,166750,Denizli Pamukkale
Giulietta,1.6 JTD Progression Plus,2014,175000,Gri,470000,Ýstanbul Pendik
156,2.0 TS,1998,232000,Füme,235000,Ýstanbul Kadýköy
147,1.9 JTD Q2,2003,261000,Siyah,225000,Ýstanbul Kadýköy
Giulietta,1.6 JTD Super TCT,2018,42000,Beyaz,699990,Samsun Tekkeköy
Giulietta,1.6 JTD Distinctive,2011,247000,Beyaz,392500,Bursa Osmangazi
Giulietta,1.4 TB Progression Plus,2012,103000,Beyaz,440000,Bursa Osmangazi
Giulietta,1.4 TB MultiAir Distinctive,2012,42300,Beyaz,645000,Ýstanbul Þiþli
156,2.0 TS Distinctive,2002,283000,Kahverengi,309999,Ankara Etimesgut
147,1.6 TS Distinctive,2005,220000,Kýrmýzý,209750,Ýstanbul Baðcýlar
159,1.9 JTD Distinctive Plus,2007,223000,Gri,345000,Konya Hüyük
145,1.7,1995,272000,Gümüþ Gri,135000,Kütahya Merkez
156,2.0 JTS Distinctive,2004,198000,Füme,289000,Bursa Mustafakemalpaþa
Giulietta,1.6 JTD Distinctive,2012,212000,Kýrmýzý,415000,Antalya Kepez
Giulietta,1.4 TB MultiAir Distinctive,2012,129700,Beyaz,615000,Ýstanbul Ataþehir
159,1.9 JTD Distinctive Plus,2011,311000,Siyah,380000,Antalya Konyaaltý
146,1.4 TS,1998,222000,Bordo,120000,Ýstanbul Küçükçekmece
156,1.6 TS Distinctive,2004,242000,Kýrmýzý,215000,Eskiþehir Odunpazarý
Giulietta,1.6 JTD Distinctive,2014,202000,Beyaz,420000,Samsun Atakum
Giulietta,1.6 JTD Distinctive,2011,169500,Beyaz,415000,Ýstanbul Küçükçekmece
147,1.6 TS Distinctive,2004,229700,Siyah,225000,Çanakkale Merkez
Giulietta,1.4 TB Distinctive,2011,193000,Siyah,475000,Ýstanbul Kartal
Giulietta,1.4 TB MultiAir Distinctive,2013,153000,Füme,550000,Bursa Nilüfer
Giulietta,1.4 TB Distinctive,2011,118000,Beyaz,445000,Ýstanbul Esenler
156,1.9 JTD Sportwagon,2004,201000,Gri,282000,Muðla Bodrum
147,1.6 TS Distinctive,2004,344191,Mavi,135000,Ankara Sincan
Giulietta,1.6 JTD Distinctive,2011,168000,Beyaz,480000,Ankara Etimesgut
Giulietta,1.6 JTD Progression Plus,2013,143000,Beyaz,430000,Antalya Muratpaþa
Giulia,2.0 T Veloce,2022,20000,Füme,2430000,Ýstanbul Baþakþehir
Giulietta,1.6 JTD Distinctive,2011,270000,Beyaz,385000,Ankara Sincan
Giulietta,1.4 TB MultiAir Distinctive,2012,71000,Beyaz,544000,Ýstanbul Maltepe
MiTo,1.3 JTD City,2014,111889,Kýrmýzý,400000,Gaziantep Þehitkamil
147,1.6 TS Distinctive,2005,259000,Siyah,235000,Afyonkarahisar Merkez
156,1.6 TS Distinctive,2005,205000,Siyah,267500,Antalya Muratpaþa
164,2.0 TS,1995,215000,Lacivert,209000,Ýstanbul Sancaktepe
147,1.6 TS Distinctive,2004,344191,Mavi,190000,Manisa Yunusemre
156,1.6 TS Distinctive,2004,255000,Kýrmýzý,245000,Ýzmir Bayraklý
159,2.4 JTD Distinctive,2007,311000,Füme,357500,Ýstanbul Kadýköy
Giulietta,1.6 JTD Super TCT,2016,105500,Gri,733000,Zonguldak Ereðli
156,1.6 TS Distinctive,2004,278000,Füme,235000,Ankara Keçiören
159,1.9 JTD Distinctive Plus,2011,185000,Beyaz,513500,Ankara Yenimahalle
Giulietta,1.4 TB MultiAir Distinctive,2011,191000,Bordo,400000,Kocaeli Gebze
Giulietta,1.6 JTD Distinctive,2011,202000,Siyah,425000,Ýzmir Karþýyaka
166,2.0 TS,1999,280000,Siyah,160000,Kocaeli Baþiskele
Giulietta,1.4 TB MultiAir Distinctive,2011,174000,Beyaz,520000,Ýstanbul Bahçelievler
147,1.6 TS Progression,2003,274000,Mavi,205000,Antalya Muratpaþa
159,1.9 JTD Distinctive Plus,2008,213800,Siyah,415000,Ordu Altýnordu
Giulietta,1.6 JTD Super TCT,2017,85000,Beyaz,742500,Ýstanbul Ümraniye
Giulietta,1.4 TB MultiAir Distinctive,2011,290000,Kýrmýzý,410000,Samsun Atakum
156,1.6 TS Distinctive,2004,180000,Füme,310000,Ýstanbul Baðcýlar
159,1.9 JTD Distinctive Plus,2008,205000,Gri,495750,Bursa Osmangazi
Giulietta,1.6 JTD Super TCT,2017,155000,Beyaz,587000,Antalya Gazipaþa
159,1.9 JTD Distinctive Plus,2008,209000,Þampanya,575000,Ýstanbul Üsküdar
Giulietta,1.6 JTD Progression Plus,2011,228000,Beyaz,372000,Ýstanbul Eyüpsultan
159,1.9 JTD Distinctive,2007,236000,Füme,370000,Adana Çukurova
156,1.6 TS Distinctive,2005,350000,Siyah,203000,Ýstanbul Kaðýthane
Giulietta,1.4 TB MultiAir Distinctive,2013,10729,Kýrmýzý,689950,Ýstanbul Sancaktepe
Giulietta,1.4 TB Progression Plus,2014,130758,Kýrmýzý,510000,Balýkesir Bandýrma
Giulietta,1.6 JTD Progression Plus,2014,128000,Beyaz,480000,Ýzmir Menderes
147,1.6 TS Distinctive,2004,171000,Siyah,205000,Þanlýurfa Haliliye
MiTo,1.3 JTD City,2013,171000,Beyaz,354000,Ýstanbul Pendik
Giulietta,1.6 JTD Super TCT,2017,97000,Gümüþ Gri,740000,Ýstanbul Sultangazi
Giulietta,1.4 TB Progression Plus,2012,59000,Beyaz,465000,Kocaeli Ýzmit
Giulietta,1.6 JTD Progression Plus,2014,222129,Beyaz,440000,Ankara Pursaklar
156,1.6 TS,2000,247000,Bordo,162500,Ýzmir Karabaðlar
156,2.0 TS,2001,280000,Kýrmýzý,232500,Ýstanbul Baðcýlar
156,1.6 TS Distinctive,2004,209000,Mavi,248500,Eskiþehir Odunpazarý
156,2.0 TS Selespeed,2000,304000,Gümüþ Gri,214000,Ýstanbul Ataþehir
146,1.4 TS,1997,268000,Mavi,145000,Tekirdað Malkara
147,1.6 TS Distinctive,2008,140000,Siyah,277500,Ýzmir Bornova
145,1.4 TS STD,1998,255000,Yeþil,122000,Bursa Mustafakemalpaþa
156,1.6 TS Distinctive,2006,205000,Siyah,290000,Ankara Çankaya
147,1.6 TS Distinctive,2009,243550,Lacivert,280500,Ýstanbul Gaziosmanpaþa
147,1.6 TS Progression,2005,296215,Gri,168000,Ýzmir Buca
Giulietta,1.6 JTD Distinctive,2014,261000,Füme,402000,Muðla Menteþe
147,1.6 TS Distinctive,2004,283000,Siyah,200000,Ankara Çankaya
Giulietta,1.6 JTD Distinctive,2011,266000,Beyaz,405000,Ýstanbul Kartal
MiTo,1.3 JTD City,2012,191000,Beyaz,352500,Ýstanbul Maltepe
MiTo,1.3 JTD City,2014,148000,Beyaz,425000,Bursa Osmangazi
Giulietta,1.4 TB MultiAir Distinctive,2012,172500,Beyaz,410000,Eskiþehir Odunpazarý
Giulietta,1.6 JTD Distinctive,2013,134000,Beyaz,505000,Ýstanbul Küçükçekmece
Giulietta,1.6 JTD Distinctive,2014,201000,Kýrmýzý,475000,Sakarya Serdivan
Giulietta,1.4 TB MultiAir Distinctive,2014,154536,Gümüþ Gri,559500,Ankara Yenimahalle
MiTo,1.3 JTD City,2012,142000,Kýrmýzý,355000,Ýstanbul Baðcýlar
156,2.0 TS Distinctive,2002,145500,Siyah,250000,Ankara Çankaya
Giulietta,1.4 TB MultiAir Distinctive,2011,235500,Beyaz,467750,Antalya Konyaaltý
MiTo,1.4 T MultiAir Quadrifoglio Verde,2011,145000,Beyaz,400000,Ýzmir Karþýyaka
Giulietta,1.6 JTD Distinctive,2011,183000,Kýrmýzý,380000,Ýstanbul Gaziosmanpaþa
Brera,2.2 JTS,2007,184000,Kýrmýzý,865000,Bursa Nilüfer
GT,2.0 JTS Dis.Selespeed,2006,209000,Siyah,337000,Antalya Kepez
MiTo,1.6 JTD Distinctive,2010,184500,Beyaz,325000,Trabzon Ortahisar
Giulietta,1.4 TB MultiAir Distinctive,2015,75000,Kýrmýzý,627000,Ýstanbul Kadýköy
Giulietta,1.6 JTD Progression,2017,137000,Füme,610000,Gaziantep Þahinbey
156,1.6 TS Distinctive,2004,208000,Bej,205000,Ýstanbul Baðcýlar
159,2.4 JTD Distinctive,2007,316000,Siyah,374990,Kocaeli Körfez
Giulietta,1.4 TB Progression Plus,2011,351000,Siyah,450000,Bursa Yýldýrým
Giulietta,1.6 JTD Distinctive,2015,160000,Kýrmýzý,508000,Ankara Çankaya
Giulietta,1.4 TB Distinctive,2011,189290,Siyah,445000,Tekirdað Çorlu
Giulietta,1.6 JTD Distinctive,2012,180000,Beyaz,370000,Ankara Etimesgut
Giulietta,1.6 JTD Super TCT,2018,32000,Beyaz,689750,Samsun Tekkeköy
159,1.9 JTD Distinctive Plus,2008,270000,Mavi,399900,Kayseri Kocasinan
159,1.9 JTD Distinctive Plus,2009,313000,Siyah,350000,Ankara Elmadað
156,2.0 JTS Distinctive,2004,217000,Füme,275000,Ýzmir Konak
156,1.6 TS Distinctive,2005,326000,Siyah,217000,Ankara Gölbaþý
MiTo,1.4 T Distinctive,2011,92000,Siyah,419000,Ýstanbul Kaðýthane
Giulietta,1.4 TB Progression Plus,2015,44000,Kýrmýzý,575000,Ýstanbul Fatih
Giulietta,1.4 TB MultiAir Distinctive,2013,151500,Beyaz,465000,Diyarbakýr Lice
Giulietta,1.4 TB MultiAir Distinctive,2013,75000,Beyaz,587500,Ýstanbul Kartal
159,1.9 JTD Distinctive Plus,2007,182000,Kýrmýzý,450000,Ýstanbul Kadýköy
Giulietta,1.4 TB MultiAir Distinctive,2014,109000,Siyah,665000,Ýstanbul Kadýköy
Giulia,2.0 T Veloce,2022,10243,Beyaz,2480000,Konya Karatay
156,1.6 TS Distinctive,2006,258000,Gümüþ Gri,245000,Eskiþehir Tepebaþý
Giulietta,1.4 TB Progression Plus,2013,120000,Kýrmýzý,454950,Ýstanbul Esenyurt
146,1.6 L,1997,245000,Gümüþ Gri,115000,Ýstanbul Tuzla
MiTo,1.6 JTD Distinctive,2009,215000,Kýrmýzý,419999,Ankara Çankaya
Giulia,2.0 T Sprint,2020,6600,Beyaz,1705000,Adana Seyhan
156,1.6 TS Distinctive,2004,204000,Mavi,300000,Ýstanbul Güngören
Giulietta,1.4 TB MultiAir Distinctive,2015,99000,Beyaz,680000,Ýstanbul Esenyurt
147,1.6 TS Collezione,2008,191000,Siyah,335000,Ýzmir Buca
146,1.6 TS,1997,352000,Lacivert,121000,Ýstanbul Küçükçekmece
147,1.6 TS Black Line,2005,272000,Gri,175000,Ýstanbul Esenyurt
146,1.6 L,1997,229000,Siyah,139000,Kocaeli Gebze
Giulietta,1.6 JTD Distinctive,2014,105000,Beyaz,499900,Denizli Pamukkale
MiTo,1.4 T MultiAir TCT Sportivo,2011,131000,Beyaz,500000,Kayseri Ýncesu
156,1.6 TS,2001,198000,Gri,225000,Kýrklareli Lüleburgaz
Giulietta,1.4 TB MultiAir Distinctive,2012,137000,Beyaz,475000,Antalya Kepez
156,1.6 TS Progression,2003,279000,Gümüþ Gri,215000,Aydýn Efeler
MiTo,1.4 T MultiAir TCT Sportivo,2013,122540,Lacivert,507000,Ýstanbul Sarýyer
Giulietta,1.6 JTD Progression Plus,2011,307000,Beyaz,362400,Ankara Çankaya
Giulietta,1.4 TB MultiAir Distinctive,2013,84000,Beyaz,538850,Kayseri Kocasinan
Giulietta,1.4 TB MultiAir Distinctive,2012,165000,Beyaz,459750,Ýstanbul Baðcýlar
Giulietta,1.6 JTD Distinctive,2013,107000,Beyaz,480000,Ýstanbul Kadýköy
Giulietta,1.4 TB MultiAir Distinctive,2015,48200,Kýrmýzý,755000,Ýstanbul Ataþehir
Giulietta,1.6 JTD Progression,2016,155000,Beyaz,595000,Ýzmir Buca
147,1.6 TS Progression,2004,250000,Kýrmýzý,199999,Ýstanbul Baðcýlar
159,1.9 JTD Distinctive,2008,198000,Siyah,358900,Ýstanbul Bahçelievler
Giulietta,1.6 JTD Sprint,2020,34000,Gri,860000,Ýstanbul Bahçelievler
146,1.6 TS,1997,92000,Þampanya,135000,Kocaeli Ýzmit
Giulietta,1.6 JTD Super TCT,2018,130000,Füme,765000,Ýstanbul Baðcýlar
GT,2.0 JTS Dis.Selespeed,2006,171000,Siyah,385000,Ýstanbul Sultangazi
Giulietta,1.4 TB MultiAir Distinctive,2012,185000,Beyaz,498000,Ankara Keçiören
Giulietta,1.6 JTD Distinctive,2012,210000,Beyaz,419000,Antalya Alanya
146,1.6 L,1996,379000,Füme,120000,Niðde Bor
MiTo,1.3 JTD City,2012,190000,Kýrmýzý,330000,Ankara Çankaya
147,1.6 TS Distinctive,2004,252000,Gümüþ Gri,197500,Ýzmir Karabaðlar
Giulietta,1.6 JTD Progression Plus,2015,151000,Beyaz,440000,Gaziantep Þahinbey
MiTo,1.3 JTD City,2012,182000,Kýrmýzý,362750,Ýstanbul Maltepe
Giulietta,1.4 TB Distinctive,2012,49000,Kýrmýzý,540000,Antalya Konyaaltý
156,2.0 TS,1998,280000,Gümüþ Gri,185000,Ýstanbul Pendik
156,1.6 TS Distinctive,2004,300000,Þampanya,217000,Antalya Manavgat
Giulietta,1.6 JTD Distinctive,2013,150000,Beyaz,485000,Ýzmir Gaziemir
159,1.9 JTS Distinctive,2006,196000,Siyah,415000,Ankara Polatlý
156,1.6 TS Distinctive,2006,205500,Þampanya,285000,Ýstanbul Sultanbeyli
Giulietta,1.6 JTD Distinctive,2014,94000,Kýrmýzý,524900,Aydýn Nazilli
Giulietta,1.6 JTD Super TCT,2018,86500,Beyaz,610000,Ýstanbul Baðcýlar
Giulietta,1.6 JTD Distinctive,2011,178700,Beyaz,430000,Antalya Kepez
Giulietta,1.75 TBI Quadrifoglio Verde,2011,165000,Beyaz,585000,Eskiþehir Odunpazarý
159,1.9 JTD Distinctive,2008,259000,Gümüþ Gri,370000,Ýstanbul Þiþli
Giulietta,1.6 JTD Progression,2016,155000,Beyaz,480000,Ýstanbul Küçükçekmece
156,2.0 TS Distinctive,2001,225000,Kýrmýzý,219750,Ýstanbul Baðcýlar
Giulietta,1.6 JTD Super TCT,2018,92300,Beyaz,728000,Antalya Alanya
156,1.6 TS Distinctive,2002,252000,Siyah,217500,Ýstanbul Ümraniye
166,2.0 TB,1999,210000,Gri,203000,Manisa Kýrkaðaç
Giulietta,1.6 JTD Super TCT,2016,64400,Beyaz,641000,Ýstanbul Maltepe
Giulietta,1.4 TB MultiAir Distinctive,2012,121300,Beyaz,520000,Trabzon Yomra
156,1.6 TS Distinctive,2005,239000,Gri,216000,Aydýn Söke
156,1.6 TS Distinctive,2004,256000,Mavi,215000,Antalya Kepez
147,1.6 TS Distinctive,2003,281000,Gümüþ Gri,200000,Balýkesir Edremit
Giulietta,1.6 JTD Progression,2017,99800,Füme,579000,Eskiþehir Odunpazarý
Giulietta,1.6 JTD Distinctive,2013,172500,Beyaz,495000,Ýstanbul Ümraniye
Giulietta,1.6 JTD Distinctive,2012,143000,Beyaz,455000,Kocaeli Ýzmit
GT,2.0 JTS Dis.Selespeed,2008,246000,Siyah,310000,Kocaeli Baþiskele
156,2.0 TS Distinctive,2001,219000,Lacivert,210000,Kastamonu Merkez
156,1.6 TS,2000,336000,Kýrmýzý,150000,Adana Yüreðir
Giulietta,1.4 TB MultiAir Progression Pluse,2012,54000,Beyaz,567900,Konya Karatay
Giulietta,1.4 TB Distinctive,2011,164500,Kýrmýzý,369900,Ýzmir Bayraklý
Giulietta,1.4 TB MultiAir Distinctive,2012,156000,Beyaz,450000,Ýstanbul Sarýyer
MiTo,1.4 T Distinctive,2009,179500,Kýrmýzý,440000,Bursa Nilüfer
156,2.0 TS Selespeed,2001,224000,Kýrmýzý,223500,Sakarya Akyazý
Giulietta,1.6 JTD Distinctive,2015,126000,Beyaz,510000,Ýstanbul Kartal
147,1.6 TS Distinctive,2004,250000,Mavi,167000,Afyonkarahisar Dinar
Giulietta,1.4 TB MultiAir Distinctive,2012,122000,Kýrmýzý,555000,Ýstanbul Beykoz
156,1.6 TS,2000,226000,Lacivert,183000,Afyonkarahisar Merkez
Giulietta,1.4 TB MultiAir Distinctive,2012,122400,Siyah,591000,Mersin Tarsus
145,1.7,1996,215000,Kýrmýzý,165000,Eskiþehir Odunpazarý
156,2.0 TS Executive,2000,286123,Gri,175750,Afyonkarahisar Emirdað
Giulietta,1.6 JTD Progression Plus,2011,260800,Siyah,393000,Adana Çukurova
156,1.6 TS Distinctive,2004,370000,Siyah,225000,Ýstanbul Kadýköy
Giulietta,1.4 TB MultiAir Distinctive,2014,99000,Gümüþ Gri,560000,Ýstanbul Sancaktepe
156,1.6 TS,1998,270000,Gri,156000,Kocaeli Ýzmit
Giulietta,1.4 TB Progression Plus,2011,137500,Beyaz,418000,Van Ýpekyolu
156,1.6 TS,2001,252000,Siyah,180000,Antalya Kepez
Giulietta,1.4 TB MultiAir Distinctive,2011,185000,Beyaz,449000,Edirne Merkez
156,2.0 TS Executive,2002,344000,Beyaz,172500,Bolu Merkez
Giulietta,1.6 JTD Super TCT,2016,73000,Siyah,634000,Ýstanbul Eyüpsultan
Giulietta,1.4 TB MultiAir Distinctive,2012,177000,Beyaz,510000,Ýstanbul Güngören
Giulietta,1.4 TB MultiAir Distinctive,2012,156000,Beyaz,156000,Kocaeli Baþiskele
159,1.9 JTD Distinctive,2008,317500,Siyah,330000,Antalya Alanya
156,1.6 TS Distinctive,2006,206000,Gri,260000,Hatay Yayladaðý
159,1.9 JTD Distinctive Plus,2007,278000,Siyah,470000,Kars Merkez
Giulietta,1.4 TB MultiAir Distinctive,2012,130000,Kýrmýzý,525000,Antalya Alanya
147,1.6 TS Progression,2004,208000,Gümüþ Gri,210000,Diyarbakýr Yeniþehir
156,2.0 TS Selespeed,2000,320000,Yeþil,209000,Ankara Etimesgut
156,2.0 TS,2000,306000,Gümüþ Gri,225000,Bursa Osmangazi
Giulietta,1.6 JTD Distinctive,2013,212000,Siyah,430000,Kayseri Melikgazi
156,1.6 TS Distinctive,2006,299000,Siyah,225000,Kýrþehir Merkez
Giulietta,1.6 JTD Distinctive,2013,178000,Siyah,425000,Ankara Çankaya
159,1.9 JTD Distinctive Plus,2007,285000,Kahverengi,310000,Ankara Etimesgut
Giulietta,1.6 JTD Giulietta,2020,65000,Siyah,740000,Ýstanbul Üsküdar
156,1.6 TS Distinctive,2004,193000,Bej,283000,Bursa Nilüfer
147,1.6 TS Distinctive,2005,90800,Gri,300000,Kayseri Talas
146,1.6 L,1997,240000,Lacivert,130000,Batman Merkez
Giulietta,1.6 JTD Distinctive,2014,100000,Siyah,525000,Ýstanbul Þiþli
156,1.6 TS Distinctive,2005,317600,Siyah,208750,Ýstanbul Sancaktepe
156,1.6 TS Distinctive,2004,380000,Siyah,210000,Kayseri Kocasinan
156,1.6 TS Distinctive,2004,250000,Gri,193000,Kocaeli Çayýrova
Giulietta,1.6 JTD Distinctive,2013,178000,Siyah,415000,Ýstanbul Maltepe
Giulietta,1.6 JTD Distinctive,2013,146000,Siyah,415000,Kocaeli Gebze
Giulietta,1.6 JTD Distinctive,2012,131000,Beyaz,449850,Ýstanbul Kaðýthane
156,2.0 TS Selespeed,2001,295000,Beyaz,185000,Ýstanbul Arnavutköy
Giulietta,1.6 JTD Distinctive,2013,176000,Beyaz,374900,Kayseri Kocasinan
159,1.9 JTD Distinctive Plus,2007,290900,Siyah,306000,Bursa Osmangazi
Giulietta,1.6 JTD Distinctive,2014,156344,Beyaz,524000,Kocaeli Ýzmit
166,2.0 TB,1999,295000,Gri,165000,Ýstanbul Sancaktepe
Giulietta,1.6 JTD Super TCT,2016,107000,Beyaz,635000,Ankara Çankaya
147,1.6 TS Distinctive,2007,255000,Gümüþ Gri,260000,Manisa Þehzadeler
156,1.6 TS Distinctive,2004,282000,Sarý,224750,Gaziantep Þahinbey
Giulietta,1.6 JTD Distinctive,2015,124000,Beyaz,540000,Ýzmir Güzelbahçe
156,1.6 TS Distinctive,2005,186000,Þampanya,260000,Ýzmir Karþýyaka
Giulietta,1.4 TB MultiAir Distinctive,2012,108000,Siyah,528000,Tokat Merkez
146,1.6 TS,1997,262000,Siyah,132000,Ýstanbul Güngören
Giulietta,1.6 JTD Distinctive,2011,263000,Beyaz,415000,Kütahya Merkez
Giulietta,1.6 JTD Super TCT,2016,102000,Beyaz,668000,Ýstanbul Kartal
Giulietta,1.4 TB MultiAir Distinctive,2012,150000,Beyaz,450000,Ýstanbul Bakýrköy
Giulia,2.0 T Veloce,2022,9000,Gri,2450000,Mersin Yeniþehir
146,1.6 L,1996,255000,Þampanya,118000,Ankara Keçiören
166,2.0 TB,1999,289000,Gümüþ Gri,225000,Ýstanbul Çekmeköy
Giulietta,1.4 TB MultiAir Progression Pluse,2012,176897,Beyaz,503000,Ankara Çankaya
GT,1.9 JTD Q2,2009,220000,Kýrmýzý,405000,Ankara Yenimahalle
Giulietta,1.6 JTD Progression Plus,2013,137500,Beyaz,408000,Bursa Nilüfer
159,1.9 JTD Distinctive Plus,2007,310000,Siyah,365000,Ýzmir Gaziemir
147,1.6 TS Distinctive,2005,164000,Gümüþ Gri,235000,Çorum Merkez
156,2.5,1998,280000,Gümüþ Gri,220000,Ýstanbul Kartal
Giulietta,1.6 JTD Distinctive,2013,146000,Siyah,415000,Ýstanbul Üsküdar
Giulietta,1.6 JTD Distinctive,2011,138000,Beyaz,470000,Burdur Merkez
164,2.0 Turbo,1994,153000,Kahverengi,333000,Bursa Nilüfer
156,2.0 TS Selespeed,2001,277000,Füme,199000,Ýstanbul Sarýyer
Giulietta,1.4 TB MultiAir Distinctive,2014,71000,Beyaz,647500,Ýzmir Buca
MiTo,1.4 T Distinctive,2009,176000,Siyah,395000,Ankara Sincan
33,1.5 Giardinetta,1990,74000,Kýrmýzý,87000,Kocaeli Ýzmit
Giulietta,1.6 JTD Progression Plus,2014,199500,Beyaz,425000,Ankara Çankaya
Giulietta,1.6 JTD Progression Plus,2011,204000,Beyaz,389750,Ýstanbul Üsküdar
Giulietta,1.4 TB MultiAir Super TCT,2018,46000,Gri,875000,Ýstanbul Beþiktaþ
Giulietta,1.6 JTD Progression Plus,2012,195000,Kýrmýzý,460000,Antalya Muratpaþa
Giulietta,1.6 JTD Distinctive,2015,97000,Gri,532250,Ýstanbul Küçükçekmece
Giulietta,1.4 TB MultiAir Distinctive,2014,146700,Gri,565000,Ýstanbul Silivri
Giulia,2.0 T Sprint,2020,8300,Beyaz,1705000,Mersin Toroslar
156,1.6 TS,1998,325000,Bordo,159999,Kocaeli Gebze
Giulietta,1.6 JTD Super TCT,2018,72813,Beyaz,637500,Mardin Kýzýltepe
Giulietta,1.6 JTD Distinctive,2015,222000,Beyaz,425000,Bursa Ýznik
Giulietta,1.6 JTD Distinctive,2011,125000,Beyaz,515000,Tekirdað Süleymanpaþa
156,1.6 TS Distinctive,2002,353000,Siyah,172850,Bursa Nilüfer
156,1.6 TS Distinctive,2004,320000,Füme,230000,Ankara Etimesgut
156,1.6 TS Distinctive,2004,171800,Füme,278000,Ankara Etimesgut
MiTo,1.4 T MultiAir TCT,2012,129000,Beyaz,477000,Kocaeli Gebze
147,1.6 TS Distinctive,2004,250000,Gri,197500,Ankara Sincan
Giulietta,1.6 JTD Progression Plus,2012,140000,Beyaz,422000,Ýstanbul Tuzla
Giulietta,1.6 JTD Distinctive,2012,180000,Beyaz,399000,Ýstanbul Beykoz
Giulietta,1.4 TB MultiAir Distinctive,2015,155000,Beyaz,620000,Ankara Etimesgut
159,1.9 JTD Distinctive Plus,2007,254000,Siyah,435000,Ýstanbul Ümraniye
MiTo,1.4 T Distinctive,2009,188254,Bej,391000,Ýzmir Buca
Giulietta,1.4 TB MultiAir Distinctive,2013,133740,Kýrmýzý,600000,Antalya Kepez
156,2.0 TS Selespeed,2000,317000,Gümüþ Gri,230000,Kastamonu Merkez
156,1.6 TS Distinctive,2005,278000,Füme,239000,Ankara Altýndað
Giulietta,1.4 TB MultiAir Distinctive,2015,117000,Beyaz,610000,Ýstanbul Maltepe
156,1.6 TS,1998,387000,Siyah,150000,Ýstanbul Avcýlar
156,1.6 TS Distinctive,2004,220000,Bordo,205000,Balýkesir Burhaniye
145,1.6,1996,205000,Lacivert,112000,Ankara Çankaya
166,2.0 TB,1999,260000,Siyah,173000,Ýzmir Bornova
147,1.6 TS Distinctive,2003,232300,Kýrmýzý,188000,Aydýn Nazilli
Giulietta,1.4 TB MultiAir Super TCT,2016,87000,Beyaz,800000,Ýzmir Karabaðlar
156,2.0 JTS Distinctive,2004,260000,Füme,220000,Sakarya Karasu
Giulietta,1.6 JTD Progression Plus,2012,152000,Beyaz,445000,Ýzmir Gaziemir
Giulietta,1.4 TB MultiAir Distinctive,2015,62000,Kýrmýzý,620000,Muðla Bodrum
156,1.6 TS Distinctive,2005,222000,Gümüþ Gri,290000,Samsun Çarþamba
Giulietta,1.6 JTD Progression Plus,2014,110000,Siyah,535000,Ýstanbul Kartal
146,1.6 L,1997,272300,Siyah,118000,Ýstanbul Üsküdar
159,1.9 JTD Distinctive Plus,2007,243000,Bordo,485000,Ýstanbul Ataþehir
