147,1.6 TS Progression,2007,200000,Kırmızı,234500,Ankara Keçiören
Giulietta,1.6 JTD Super TCT,2018,90000,Beyaz,689750,İstanbul Ataşehir
Giulietta,1.6 JTD Super TCT,2016,190000,Kırmızı,605000,Antalya Kemer
Giulietta,1.6 JTD Distinctive,2014,149000,Kırmızı,482000,Antalya Muratpaşa
Giulietta,1.4 TB MultiAir Distinctive,2012,88000,Kırmızı,565000,Antalya Muratpaşa
156,2.0 TS Distinctive,2002,245000,Beyaz,230000,İstanbul Esenyurt
Giulietta,1.6 JTD Super TCT,2018,157000,Füme,588000,Antalya Aksu
145,1.6,1997,307000,Siyah,110000,Antalya Konyaaltı
156,1.6 TS Distinctive,2004,259000,Siyah,270000,Bursa Mustafakemalpaşa
Giulietta,1.6 JTD Giulietta,2021,8500,Mor,890000,İstanbul Kağıthane
Giulietta,1.4 TB MultiAir Distinctive,2012,149505,Beyaz,440000,İstanbul Tuzla
Giulietta,1.6 JTD Super TCT,2018,180000,Füme,575000,İstanbul Maltepe
156,1.6 TS Distinctive,2000,236000,Gümüş Gri,185000,Balıkesir Bandırma
Giulietta,1.6 JTD Distinctive,2012,256400,Beyaz,377500,Karaman Merkez
147,1.6 TS Distinctive,2006,208500,Siyah,297500,İzmir Buca
156,1.6 TS,1998,232000,Beyaz,158000,Bursa Gemlik
Giulietta,1.4 TB MultiAir Distinctive,2012,280000,Beyaz,475000,Malatya Yeşilyurt
Giulietta,1.6 JTD Distinctive,2012,145000,Siyah,414000,Kocaeli Gölcük
156,1.6 TS Distinctive,2004,203000,Turkuaz,279000,Ankara Keçiören
156,1.6 TS Progression,2004,286000,Gri,279900,İstanbul Bağcılar
146,1.4 TS,1998,301000,Siyah,125000,Bursa Nilüfer
147,1.6 TS Distinctive,2004,242000,Mavi,230000,İzmir Menemen
Giulietta,1.6 JTD Distinctive,2015,113000,Kırmızı,589000,Tekirdağ Çerkezköy
146,1.6 L,1997,196500,Gümüş Gri,135000,Bursa İnegöl
166,2.0 TS,1998,222000,Gri,215000,İstanbul Maltepe
156,2.0 TS,1999,290000,Bordo,140000,Tokat Başçiftlik
145,1.7,1996,208000,Gri,139000,İzmir Torbalı
159,1.9 JTD Distinctive Plus,2010,158000,Mavi,440000,İstanbul Eyüpsultan
Giulietta,1.4 TB MultiAir Distinctive,2011,168000,Siyah,480000,Antalya Kepez
147,1.6 TS Distinctive,2006,315250,Şampanya,255000,Ankara Yenimahalle
GT,2.0 JTS Distinctive,2006,171600,Siyah,320000,İstanbul Maltepe
159,1.9 JTD Distinctive,2007,286000,Gri,380000,Adana Sarıçam
Giulietta,1.4 TB MultiAir Distinctive,2015,155100,Beyaz,590000,Muğla Milas
159,1.9 JTD Distinctive,2006,338000,Siyah,305000,İstanbul Tuzla
Spider,2.0 TS,1996,190000,Gümüş Gri,545000,Antalya Konyaaltı
147,1.6 TS Distinctive,2004,180000,Gri,200000,İstanbul Esenler
Giulietta,1.4 TB Progression Plus,2012,78500,Kırmızı,500000,İstanbul Maltepe
Giulietta,1.6 JTD Distinctive,2013,210000,Kırmızı,386900,İstanbul Bağcılar
156,1.6 TS,1999,269000,Gümüş Gri,156750,İstanbul Bağcılar
147,1.6 TS Distinctive,2004,302000,Siyah,205000,İstanbul Maltepe
Giulietta,1.6 JTD Progression Plus,2015,128000,Beyaz,518500,İstanbul Kağıthane
MiTo,1.4 T MultiAir TCT,2012,112000,Kırmızı,469000,İstanbul Esenyurt
166,3.0 Sportronic,2004,190000,Siyah,365000,İstanbul Kartal
Giulietta,1.6 JTD Sprint,2020,38900,Gümüş Gri,820000,Antalya Muratpaşa
Sprint,1.7,1988,37000,Kırmızı,1050000,Ankara Gölbaşı
Giulietta,1.6 JTD Distinctive,2014,135000,Gri,557000,Ankara Çankaya
147,1.6 TS Progression,2006,219000,Bordo,210000,Ankara Çankaya
156,1.6 TS Distinctive,2004,258000,Gümüş Gri,240000,Antalya Manavgat
Giulietta,1.6 JTD Distinctive,2012,148000,Kırmızı,424000,Kocaeli Darıca
Giulietta,1.6 JTD Sprint,2020,41000,Kırmızı,895000,İstanbul Kadıköy
Giulietta,1.6 JTD Distinctive,2011,226000,Beyaz,430000,Antalya Muratpaşa
Giulia Quadrifoglio,2.9,2016,21000,Kırmızı,4700000,İstanbul Beşiktaş
156,1.6 TS,2000,260302,Gri,185000,Muğla Yatağan
Giulietta,1.6 JTD Distinctive,2011,196000,Beyaz,385000,Kütahya Merkez
Spider,2.0 TS,1996,186000,Sarı,475000,Ankara Yenimahalle
Giulietta,1.6 JTD Progression,2016,130000,Beyaz,608000,Denizli Merkezefendi
Giulietta,1.6 JTD Super TCT,2017,56900,Gümüş Gri,655000,İstanbul Kağıthane
156,1.6 TS Distinctive,2006,281000,Siyah,259900,Ankara Keçiören
159,1.9 JTD Distinctive,2008,160000,Siyah,430000,Ankara Sincan
MiTo,1.4 T MultiAir TCT,2012,162000,Kırmızı,510000,İstanbul Kartal
156,2.0 TS Selespeed,2001,260000,Kırmızı,223750,İstanbul Ataşehir
156,1.6 TS Distinctive,2002,315000,Kırmızı,175000,İzmir Bornova
Giulietta,1.4 TB MultiAir Distinctive,2015,33000,Kırmızı,749900,Ankara Akyurt
156,2.0 TS,1999,155000,Gri,230000,Manisa Şehzadeler
GT,2.0 JTS Distinctive,2006,195000,Siyah,319000,Ankara Çankaya
Giulietta,1.6 JTD Super TCT,2016,175000,Beyaz,639000,Ankara Akyurt
Giulietta,1.4 TB MultiAir Distinctive,2012,122000,Beyaz,425000,Manisa Saruhanlı
156,1.6 TS Distinctive,2005,283000,Beyaz,285000,Sivas Merkez
Giulietta,1.4 TB MultiAir Distinctive,2012,153000,Beyaz,475000,Gaziantep Şahinbey
Giulietta,1.4 TB MultiAir Distinctive,2015,123000,Kırmızı,625000,Mersin Yenişehir
Giulietta,1.6 JTD Distinctive,2015,238000,Beyaz,445000,Antalya Kepez
Giulietta,1.4 TB MultiAir Distinctive,2015,117000,Kırmızı,735000,İstanbul Ümraniye
Giulietta,1.4 TB MultiAir Distinctive,2012,165000,Beyaz,500000,Adana Seyhan
Giulietta,1.6 JTD Super TCT,2017,89000,Gri,655000,Adana Seyhan
159,1.9 JTD Distinctive,2007,203000,Gri,449000,Ankara Yenimahalle
Giulietta,1.6 JTD Progression Plus,2015,190000,Beyaz,497500,İstanbul Büyükçekmece
159,1.9 JTD Distinctive,2007,259900,Siyah,310000,Hatay Antakya
Giulia,2.0 Veloce,2017,50000,Lacivert,1895000,İstanbul Sarıyer
156,1.6 TS,2000,260000,Siyah,185750,İstanbul Bahçelievler
156,2.0 TS Selespeed,2001,235000,Kırmızı,234000,Adana Sarıçam
156,1.6 TS,1998,320000,Kırmızı,152000,Mersin Gülnar
Giulietta,1.4 TB MultiAir Distinctive,2011,165000,Beyaz,390000,Isparta Merkez
MiTo,1.4 T Distinctive,2010,188000,Beyaz,340000,Antalya Alanya
Giulietta,1.6 JTD Giulietta,2020,80000,Beyaz,742750,Denizli Merkezefendi
Giulietta,1.4 TB MultiAir Distinctive,2012,105000,Kırmızı,483000,İstanbul Kağıthane
155,2.0 Q4,1995,222000,Kırmızı,435000,İstanbul Sarıyer
159,1.9 JTD Distinctive,2008,213000,Siyah,423000,Antalya Döşemealtı
Giulietta,1.6 JTD Distinctive,2013,153700,Siyah,529000,Samsun Atakum
156,1.6 TS Distinctive,2004,256000,Kırmızı,268000,Ordu Altınordu
156,2.0 TS,1998,298000,Füme,200000,Kütahya Gediz
156,1.6 TS,1998,221000,Gri,165000,İzmir Bornova
146,1.6 L,1997,316000,Yeşil,105000,Denizli Pamukkale
Giulietta,1.4 TB MultiAir Distinctive,2011,162300,Beyaz,490000,İstanbul Bayrampaşa
Giulietta,1.4 TB MultiAir Distinctive,2013,215000,Kırmızı,498000,Antalya Aksu
Giulietta,1.6 JTD Progression Plus,2011,138500,Kırmızı,422500,Bursa Osmangazi
Giulietta,1.6 JTD Distinctive,2014,152200,Beyaz,490000,Edirne Merkez
156,2.0 TS,2001,280000,Bordo,195000,İstanbul Ataşehir
156,2.0 TS Selespeed,2001,305000,Siyah,210000,İzmir Çiğli
147,1.6 TS Distinctive,2003,305000,Gri,200000,İzmir Karabağlar
Giulietta,1.6 JTD Progression Plus,2014,168000,Beyaz,385000,Kilis Merkez
Giulietta,1.6 JTD Distinctive,2013,149500,Beyaz,485000,Gaziantep Şahinbey
Giulietta,1.4 TB MultiAir Distinctive,2012,80000,Kırmızı,605000,Isparta Yalvaç
145,1.6,1997,219000,Siyah,110000,Kırklareli Lüleburgaz
Giulietta,1.6 JTD Distinctive,2013,201000,Siyah,410000,İstanbul Üsküdar
Giulietta,1.6 JTD Distinctive,2015,97000,Kırmızı,555000,Bursa Osmangazi
159,1.9 JTD Distinctive Plus,2007,244000,Siyah,420000,İstanbul Fatih
147,1.6 TS Distinctive,2008,238000,Siyah,230000,İstanbul Gaziosmanpaşa
147,2.0 TS Selespeed Distinctive,2004,259000,Siyah,210000,Ankara Çankaya
156,2.0 TS Selespeed,2000,228435,Lacivert,215000,İstanbul Başakşehir
147,1.6 TS Collezione,2009,127000,Beyaz,315000,İstanbul Ümraniye
Giulietta,1.6 JTD Distinctive,2011,257000,Beyaz,390000,Aydın Efeler
Giulietta,1.6 JTD Distinctive,2012,325000,Kırmızı,365000,Konya Karatay
147,1.6 TS Distinctive,2005,190000,Gümüş Gri,220000,Kocaeli Gebze
156,1.6 TS,2001,230000,Kırmızı,200000,Uşak Merkez
Giulietta,1.6 JTD Progression Plus,2015,200000,Beyaz,480000,İstanbul Büyükçekmece
159,1.9 JTS Distinctive,2007,178000,Bordo,380000,İstanbul Küçükçekmece
156,1.6 TS,2000,300000,Gri,172000,İstanbul Beylikdüzü
156,2.0 TS Distinctive,2003,195000,Gümüş Gri,330000,Adana Çukurova
Giulietta,1.6 JTD Distinctive,2014,174000,Siyah,475000,Bilecik Merkez
MiTo,1.4 T MultiAir TCT Sportivo,2012,117250,Kırmızı,550000,Bolu Merkez
156,1.6 TS Distinctive,2004,282000,Kırmızı,330000,İstanbul Maltepe
MiTo,1.3 JTD City,2013,115600,Mavi,390000,İstanbul Avcılar
146,1.4 TS,1998,250000,Mavi,150000,Karabük Safranbolu
Giulietta,1.6 JTD Giulietta,2020,36000,Gri,757990,İstanbul Maltepe
147,1.6 TS Distinctive,2003,265000,Kırmızı,195000,İstanbul Zeytinburnu
Giulietta,1.6 JTD Distinctive,2014,305000,Siyah,410000,İstanbul Sancaktepe
159,1.9 JTD Distinctive Plus,2007,235000,Siyah,434500,Adana Çukurova
156,2.0 TS Distinctive,2000,261000,Lacivert,181500,İstanbul Sultanbeyli
147,1.6 TS Distinctive,2006,194000,Gri,205000,Hatay İskenderun
Giulietta,1.6 JTD Distinctive,2014,106000,Beyaz,550000,İzmir Konak
147,1.6 TS Distinctive,2005,270000,Kırmızı,185000,Antalya Kaş
147,1.6 TS Distinctive,2004,193000,Beyaz,230000,İstanbul Fatih
147,1.6 TS Distinctive,2005,310000,Kırmızı,167500,İzmir Çiğli
MiTo,1.4 T MultiAir Quadrifoglio Verde,2011,215000,Siyah,420000,Bursa Yıldırım
Giulietta,1.6 JTD Distinctive,2013,214000,Beyaz,379750,Sakarya Adapazarı
Giulietta,1.6 JTD Sprint,2022,23480,Kırmızı,880000,Ankara Altındağ
Giulietta,1.6 JTD Progression Plus,2014,310000,Beyaz,398500,İzmir Karabağlar
156,1.6 TS Distinctive,2005,273000,Siyah,260000,Antalya Kepez
156,1.6 TS Distinctive,2004,242300,Şampanya,287500,İstanbul Kartal
156,1.6 TS,1999,296000,Lacivert,155000,Gaziantep Şehitkamil
156,2.0 TS,1999,257000,Bordo,199000,İstanbul Kartal
159,1.9 JTD Distinctive,2006,328000,Siyah,363000,Bolu Merkez
Giulietta,1.6 JTD Progression,2018,119000,Beyaz,588000,Bursa Nilüfer
156,1.6 TS Distinctive,2006,246981,Siyah,275000,Kocaeli Gölcük
147,1.6 TS Distinctive,2004,264140,Siyah,199990,Amasya Merzifon
146,1.6 TS,1999,230000,Kırmızı,118000,Konya Ereğli
156,2.0 TS Distinctive,2003,195000,Gümüş Gri,260000,Ankara Keçiören
156,1.6 TS Distinctive,2005,280000,Mavi,250000,Van İpekyolu
156,1.6 TS Distinctive,2000,248500,Kırmızı,160000,Kocaeli Gebze
156,1.6 TS Distinctive,2005,185000,Gri,190000,İstanbul Fatih
156,2.0 TS,2000,259000,Gri,212000,Konya Selçuklu
156,2.0 JTS Distinctive,2002,252000,Gümüş Gri,195000,İzmir Konak
MiTo,1.4 T MultiAir TCT Sportivo,2013,126000,Beyaz,549000,İstanbul Beşiktaş
147,1.6 TS Distinctive,2006,275000,Turuncu,215000,İstanbul Başakşehir
145,1.6 L,1997,271000,Gri,128000,İstanbul Beşiktaş
Giulietta,1.6 JTD Distinctive,2015,195000,Kırmızı,448000,İzmir Karşıyaka
146,2.0 Ti,1997,307600,Gümüş Gri,195500,İzmir Balçova
147,1.6 TS Progression,2003,160000,Kırmızı,265000,Bilecik Merkez
Giulietta,1.4 TB MultiAir Distinctive,2015,74000,Kırmızı,717000,İstanbul Beşiktaş
156,2.0 TS,1998,363000,Gri,525000,Aydın Efeler
147,1.6 TS Distinctive,2004,273000,Kırmızı,178000,İstanbul Şişli
MiTo,1.4 T MultiAir TCT,2011,105000,Siyah,450000,İstanbul Ataşehir
156,1.6 TS Distinctive,2004,279400,Gri,275000,Eskişehir Odunpazarı
Giulietta,1.6 JTD Distinctive,2013,94217,Beyaz,525000,Afyonkarahisar Merkez
Giulietta,1.6 JTD Distinctive,2012,138000,Beyaz,525000,İstanbul Eyüpsultan
Giulietta,1.6 JTD Progression Plus,2012,195000,Beyaz,410000,Konya Meram
156,1.6 TS Progression,2004,272000,Siyah,245555,İstanbul Başakşehir
Giulietta,1.4 TB MultiAir Super TCT,2018,65000,Beyaz,579000,İstanbul Bayrampaşa
GTV,2.0 TB,1997,195000,Gümüş Gri,222500,Aydın Efeler
Giulietta,1.4 TB MultiAir Distinctive,2012,248000,Kırmızı,418000,Konya Karatay
156,1.6 TS Distinctive,2006,266000,Siyah,245000,Balıkesir Bigadiç
156,1.6 TS,1998,204000,Gri,177777,İstanbul Pendik
MiTo,1.4 T MultiAir Quadrifoglio Verde,2011,152250,Gri,450000,Ankara Gölbaşı
147,1.6 TS Distinctive,2004,210000,Siyah,206000,İstanbul Esenyurt
147,1.6 TS Distinctive,2003,336000,Gri,165000,Ankara Etimesgut
159,2.4 JTD Distinctive,2006,116000,Füme,468000,İstanbul Bağcılar
147,1.6 TS Distinctive,2008,147550,Siyah,290000,İzmir Bayraklı
146,1.4 TS,1998,320000,Gümüş Gri,105000,Elazığ Merkez
Giulietta,1.6 JTD Progression Plus,2013,205000,Beyaz,450000,Bursa Osmangazi
147,1.6 TS Distinctive,2006,196500,Gri,212500,İstanbul Ataşehir
147,1.6 TS Distinctive,2005,253000,Mavi,239000,İstanbul Avcılar
147,1.6 TS Distinctive,2008,229000,Kırmızı,270000,İzmir Karşıyaka
Giulietta,1.6 JTD Super TCT,2018,97000,Gri,659000,İzmir Gaziemir
Giulietta,1.4 TB MultiAir Distinctive,2011,153000,Siyah,360000,İstanbul Başakşehir
Giulietta,1.4 TB Progression Plus,2013,110000,Beyaz,459000,Bursa Nilüfer
MiTo,1.4 T Progression,2009,164000,Kırmızı,388500,Balıkesir Altıeylül
147,1.6 TS Distinctive,2006,195600,Kırmızı,255000,İstanbul Bakırköy
159,1.9 JTD Distinctive Plus,2011,350000,Siyah,420000,İstanbul Esenler
Giulietta,1.6 JTD Distinctive,2012,265000,Mavi,365000,İstanbul Avcılar
156,2.0 TS,1998,363000,Gri,150000,Amasya Suluova
Giulietta,1.6 JTD Progression,2016,29310,Siyah,665000,İstanbul Beşiktaş
Giulietta,1.6 JTD Progression Plus,2014,177000,Beyaz,495000,Mersin Yenişehir
155,2.0 TS Super Losso,1997,185000,Lacivert,155000,Mersin Toroslar
156,1.6 TS,1998,231800,Bordo,230000,İzmir Karşıyaka
Giulietta,1.6 JTD Distinctive,2011,201000,Beyaz,425000,İstanbul Çatalca
159,1.9 JTD Distinctive,2007,356000,Siyah,297500,Kütahya Merkez
Giulietta,1.6 JTD Distinctive,2014,96500,Beyaz,505000,İstanbul Çekmeköy
Giulietta,1.6 JTD Progression,2016,140000,Beyaz,627000,Kocaeli Körfez
Giulietta,1.4 TB MultiAir Distinctive,2014,134000,Kırmızı,674990,İstanbul Maltepe
156,1.6 TS Distinctive,2006,135000,Bej,305000,İzmir Karşıyaka
156,1.6 TS Distinctive,2004,260000,Lacivert,259000,Muğla Köyceğiz
Giulietta,1.6 JTD Distinctive,2014,164000,Beyaz,439000,Düzce Kaynaşlı
147,1.6 TS Distinctive,2004,201000,Gümüş Gri,255000,Burdur Merkez
Giulietta,1.6 JTD Distinctive,2011,152000,Beyaz,550000,İstanbul Kadıköy
156,1.6 TS Distinctive,2004,245000,Siyah,240000,Bursa Karacabey
Spider,2.0 TS,1999,153500,Kırmızı,575000,İstanbul Üsküdar
147,1.6 TS Distinctive,2006,264500,Siyah,225000,İstanbul Gaziosmanpaşa
156,2.0 TS,1998,261000,Gümüş Gri,230000,Çorum Merkez
Giulietta,1.6 JTD Distinctive,2012,196000,Beyaz,395000,İzmir Karşıyaka
Giulietta,1.4 TB MultiAir Distinctive,2013,93500,Beyaz,605000,Ankara Yenimahalle
Giulietta,1.6 JTD Distinctive,2012,178000,Beyaz,445000,İzmir Buca
Giulietta,1.4 TB MultiAir Distinctive,2015,108000,Gri,690000,İstanbul Sarıyer
156,2.0 TS,1998,320000,Siyah,170000,İzmir Buca
MiTo,1.4 T MultiAir Quadrifoglio Verde,2011,144000,Siyah,440000,İstanbul Ümraniye
147,1.6 TS Distinctive,2006,220000,Şampanya,215000,İzmir Karabağlar
MiTo,1.4 T Distinctive,2012,170000,Kırmızı,534990,İstanbul Maltepe
156,2.0 TS Distinctive,2001,280000,Gümüş Gri,185000,Mardin Artuklu
Giulietta,1.6 JTD Distinctive,2012,211000,Kırmızı,417000,Ankara Akyurt
Giulietta,1.6 JTD Distinctive,2013,225000,Beyaz,425000,İstanbul Çatalca
Giulietta,1.6 JTD Distinctive,2011,249000,Beyaz,408000,İzmir Bornova
147,1.6 TS Distinctive,2006,225000,Kırmızı,282000,Bursa Yıldırım
Giulietta,1.4 TB MultiAir Distinctive,2011,165000,Beyaz,445000,İstanbul Avcılar
147,1.6 TS Distinctive,2004,214000,Siyah,230000,Mersin Erdemli
147,1.6 TS Distinctive,2004,247968,Kırmızı,187500,Ankara Mamak
Giulietta,1.6 JTD Distinctive,2014,235000,Kırmızı,440000,Ankara Etimesgut
Giulietta,1.4 TB Progression Plus,2015,90000,Bordo,525000,Muğla Marmaris
159,1.9 JTD Progression,2006,353000,Bordo,375000,Ankara Çankaya
156,1.6 TS Distinctive,2004,239000,Gri,220000,İzmir Buca
156,2.0 TS,2001,240000,Siyah,208000,Mersin Yenişehir
Giulietta,1.4 TB MultiAir Distinctive,2012,290000,Beyaz,395000,İstanbul Bağcılar
159,1.9 JTD Distinctive Plus,2008,305000,Şampanya,369000,Ankara Çankaya
156,2.0 TS Selespeed,2001,385000,Mavi,205000,Ankara Pursaklar
156,1.6 TS Distinctive,2006,270000,Gri,270000,Tekirdağ Muratlı
156,2.0 TS Distinctive,2002,274000,Gümüş Gri,225000,İzmir Bornova
Giulietta,1.6 JTD Distinctive,2011,197500,Gri,425000,Bursa Nilüfer
Giulietta,1.6 JTD Distinctive,2012,203000,Beyaz,405000,İzmir Torbalı
Giulietta,1.4 TB Progression Plus,2013,90000,Beyaz,485000,Muğla Menteşe
Giulietta,1.6 JTD Progression Plus,2013,205000,Beyaz,450000,Bursa Nilüfer
147,1.6 TS Distinctive,2004,308000,Kırmızı,195000,Ankara Sincan
Giulietta,1.6 JTD Distinctive,2015,185000,Gri,515000,Bursa Nilüfer
Giulietta,1.4 TB MultiAir Distinctive,2014,72100,Beyaz,640000,Gaziantep Şahinbey
156,2.0 TS Distinctive,2001,280000,Gümüş Gri,525000,Gaziantep Şahinbey
145,1.4 TS STD,1998,245000,Kırmızı,143500,İstanbul Ümraniye
156,2.0 TS Executive,1999,333700,Kırmızı,232500,İstanbul Bayrampaşa
156,1.6 TS,1998,288000,Kırmızı,168000,Amasya Merzifon
159,1.9 JTD Distinctive Plus,2006,300550,Gri,350000,Ankara Mamak
Giulietta,1.6 JTD Giulietta,2020,54000,Gri,745000,Bursa Gemlik
Giulietta,1.6 JTD Distinctive,2015,51250,Beyaz,530000,Ankara Yenimahalle
Giulietta,1.6 JTD Super TCT,2018,50000,Kahverengi,719750,İstanbul Esenyurt
Giulietta,1.4 TB MultiAir Distinctive,2012,144000,Beyaz,405750,Adana Seyhan
Giulietta,1.6 JTD Progression Plus,2012,165000,Gri,455000,İstanbul Avcılar
Giulietta,1.6 JTD Super TCT,2016,87650,Beyaz,725000,Tokat Merkez
147,1.6 TS Progression,2005,295000,Gri,230000,Şanlıurfa Haliliye
Giulietta,1.6 JTD Distinctive,2014,138000,Kırmızı,400000,Mersin Tarsus
156,1.6 TS Distinctive,2004,198839,Gri,260000,İstanbul Sarıyer
156,2.0 JTS Distinctive,2004,122500,Gri,272000,Gaziantep Şahinbey
Giulietta,1.6 JTD Distinctive,2012,257300,Kırmızı,413000,Balıkesir Bandırma
156,1.6 TS Distinctive,2005,202000,Mavi,249999,Aydın Nazilli
159,1.9 JTD Distinctive Plus,2007,203000,Siyah,400000,İstanbul Ataşehir
Giulietta,1.6 JTD Distinctive,2014,146000,Siyah,495000,İstanbul Beylikdüzü
Giulietta,1.6 JTD Distinctive,2014,165000,Siyah,393000,Konya Meram
Giulietta,1.6 JTD Progression Plus,2014,125000,Beyaz,489900,İstanbul Kartal
Giulietta,1.6 JTD Giulietta,2020,44500,Kırmızı,735000,İstanbul Esenler
147,1.6 TS Distinctive,2004,312000,Kırmızı,217500,Malatya Yeşilyurt
Giulietta,1.6 JTD Distinctive,2015,114000,Kırmızı,525000,Sivas Suşehri
MiTo,1.3 JTD City,2012,65000,Kırmızı,375000,İstanbul Sarıyer
Giulietta,1.4 TB MultiAir Distinctive,2012,139000,Beyaz,510000,Ankara Mamak
Giulietta,1.6 JTD Progression Plus,2015,187000,Beyaz,498000,Antalya Muratpaşa
159,1.9 JTD Distinctive Plus,2007,203000,Siyah,134000,Balıkesir Bandırma
Giulietta,1.6 JTD Distinctive,2014,147000,Siyah,447000,Antalya Kemer
Giulietta,1.4 TB MultiAir Distinctive,2012,111951,Beyaz,535000,İstanbul Kadıköy
Giulietta,1.4 TB MultiAir Distinctive,2011,220000,Siyah,382000,Osmaniye Merkez
156,1.6 TS Distinctive,2005,265000,Siyah,270000,Malatya Battalgazi
Giulietta,1.4 TB MultiAir Distinctive,2014,119500,Beyaz,720000,İstanbul Büyükçekmece
156,2.0 TS Distinctive,2004,212000,Gümüş Gri,275000,Ankara Diğer
Giulietta,1.4 TB MultiAir Distinctive,2014,112000,Beyaz,620000,İstanbul Bakırköy
156,2.0 JTS Distinctive,2005,287000,Siyah,287500,İstanbul Beylikdüzü
156,1.6 TS Progression,2004,284200,Kahverengi,220000,Hatay Kırıkhan
Giulietta,1.6 JTD Distinctive,2014,110000,Kırmızı,478750,İstanbul Esenyurt
Giulietta,1.4 TB MultiAir Distinctive,2015,101000,Kırmızı,665000,İstanbul Fatih
147,1.6 TS Distinctive,2004,285834,Gri,200000,Çorum Merkez
Giulia,2.0 T Veloce,2021,12500,Gri,2205000,İstanbul Bağcılar
Giulietta,1.4 TB MultiAir Distinctive,2013,180000,Beyaz,595750,Gaziantep Şehitkamil
Giulietta,1.6 JTD Progression Plus,2012,257000,Beyaz,465000,Bursa Osmangazi
Giulietta,1.6 JTD Distinctive,2015,155996,Kırmızı,538000,Ankara Çankaya
Giulietta,1.4 TB MultiAir Progression Pluse,2012,160000,Beyaz,490000,İstanbul Beşiktaş
147,2.0 TS Selespeed Distinctive,2005,194000,Gümüş Gri,217250,Ankara Akyurt
156,2.0 TS,1999,530000,Siyah,130000,İstanbul Sultanbeyli
145,1.4 TS STD,1998,260000,Şampanya,134000,Ankara Çankaya
Giulietta,1.6 JTD Distinctive,2011,220000,Kırmızı,480000,Bursa Mudanya
159,1.9 JTD Distinctive Plus,2008,326000,Kırmızı,385000,İstanbul Bağcılar
Giulietta,1.6 JTD Distinctive,2013,177000,Kırmızı,419000,Ankara Çankaya
Giulietta,1.6 JTD Distinctive,2012,329000,Beyaz,362500,İstanbul Çatalca
Giulietta,1.4 TB MultiAir Distinctive,2014,96500,Beyaz,599000,Uşak Merkez
Giulietta,1.6 JTD Distinctive,2013,184000,Beyaz,445000,İzmir Karşıyaka
Giulietta,1.6 JTD Distinctive,2014,148000,Beyaz,469000,İzmir Buca
Giulietta,1.6 JTD Distinctive,2013,174000,Kırmızı,430000,İzmir Bayraklı
156,1.6 TS Distinctive,2004,299700,Kırmızı,300500,İstanbul Gaziosmanpaşa
Giulietta,1.6 JTD Distinctive,2015,179000,Kırmızı,460000,Gaziantep Şehitkamil
MiTo,1.4 T MultiAir TCT,2011,146000,Beyaz,449900,İstanbul Esenyurt
159,1.9 JTD Distinctive Plus,2010,130000,Siyah,525000,Bursa Yıldırım
Giulietta,1.6 JTD Progression Plus,2012,100500,Beyaz,598000,Kocaeli İzmit
Giulietta,1.6 JTD Progression Plus,2013,163000,Beyaz,425000,İstanbul Maltepe
147,1.6 TS Distinctive,2008,247500,Kırmızı,260000,Balıkesir Ayvalık
Giulietta,1.6 JTD Distinctive,2012,202000,Bordo,390000,Kocaeli İzmit
MiTo,1.3 JTD City,2013,118000,Kırmızı,435000,Muğla Menteşe
Giulietta,1.6 JTD Giulietta,2020,35494,Gri,727000,İstanbul Çekmeköy
GT,2.0 JTS Distinctive,2006,167000,Lacivert,325000,İstanbul Zeytinburnu
156,2.0 TS Selespeed,2001,313000,Siyah,235000,Ankara Etimesgut
159,1.9 JTD Distinctive Plus,2008,410000,Bej,299000,Eskişehir Odunpazarı
147,1.6 TS Distinctive,2006,250254,Siyah,220000,Eskişehir Odunpazarı
Giulietta,1.6 JTD Progression Plus,2011,110827,Beyaz,450000,Mersin Yenişehir
GT,2.0 JTS Dis.Selespeed,2006,151000,Gri,289000,İstanbul Kartal
Giulietta,1.6 JTD Distinctive,2011,220000,Kırmızı,505000,İstanbul Beylikdüzü
Giulietta,1.6 JTD Super TCT,2016,97000,Siyah,749750,İzmir Narlıdere
Giulietta,1.4 TB MultiAir Distinctive,2013,136500,Beyaz,565000,Adana Seyhan
Giulietta,1.6 JTD Distinctive,2014,154000,Beyaz,435000,İstanbul Başakşehir
MiTo,1.3 JTD City,2012,184000,Kırmızı,355000,Bursa Osmangazi
159,1.9 JTD Distinctive,2008,221000,Siyah,390000,Denizli Merkezefendi
146,1.4 TS Ritmo,1999,220000,Kırmızı,435000,Bursa Osmangazi
156,2.0 JTS Distinctive,2004,250000,Siyah,252000,İzmir Buca
159,1.9 JTD Distinctive Plus,2010,207550,Gri,450000,İzmir Konak
Giulietta,1.4 TB Distinctive,2011,129000,Siyah,535000,Gaziantep Şehitkamil
Giulietta,1.6 JTD Progression Plus,2011,270000,Füme,435000,Ankara Etimesgut
Giulietta,1.6 JTD Progression Plus,2013,169000,Kırmızı,480000,İstanbul Kağıthane
156,1.6 TS,2001,194000,Beyaz,182000,Şanlıurfa Haliliye
147,1.6 TS Distinctive,2005,275000,Siyah,215000,İstanbul Bağcılar
Giulietta,1.6 JTD Progression Plus,2015,249000,Beyaz,458500,Antalya Kepez
147,1.6 TS Distinctive,2006,235000,Gümüş Gri,205000,İstanbul Gaziosmanpaşa
146,1.4 TS,1998,244000,Bordo,159999,Van Çaldıran
GT,2.0 JTS Dis.Selespeed,2007,155000,Mavi,380000,İstanbul Bayrampaşa
Spider,3.0 TS,1996,89000,Siyah,575000,İstanbul Kartal
147,1.6 TS Progression,2005,257540,Gri,240000,İzmir Karabağlar
146,1.4 TS Ritmo,1999,220000,Kırmızı,109000,İzmir Konak
156,1.6 TS Distinctive,2004,219000,Gri,253000,Mersin Yenişehir
Giulietta,1.4 TB MultiAir Distinctive,2011,79000,Siyah,600000,Van Tuşba
166,2.0 TS Distinctive,2005,290000,Siyah,270000,İzmir Buca
147,1.6 TS Distinctive,2007,273000,Kırmızı,230000,İstanbul Ataşehir
Giulietta,1.4 TB MultiAir Distinctive,2015,54670,Beyaz,652000,Konya Karatay
156,1.6 TS,1999,280000,Mavi,185000,Kırklareli Vize
Giulietta,1.6 JTD Distinctive,2012,169700,Beyaz,479000,Ankara Çankaya
156,1.6 TS,2001,274400,Kırmızı,200000,Sakarya Adapazarı
159,1.9 JTD Distinctive Plus,2007,239000,Siyah,455900,İstanbul Çekmeköy
145,1.4 TS STD,1999,256000,Kırmızı,119750,Rize Çayeli
Giulietta,1.6 JTD Progression Plus,2012,128000,Beyaz,425000,Bursa Nilüfer
159,1.9 JTS Distinctive,2008,300000,Siyah,365000,İstanbul Ümraniye
Giulietta,1.4 TB MultiAir Distinctive,2012,190000,Beyaz,480000,Mersin Akdeniz
Giulietta,1.4 TB MultiAir Distinctive,2012,64100,Beyaz,573000,Antalya Serik
159,1.9 JTD Distinctive,2007,250100,Gri,385000,İstanbul Beyoğlu
145,1.7,1996,204000,Kırmızı,135000,Edirne Merkez
156,2.0 TS Executive,1999,238000,Füme,193000,İzmir Konak
Giulietta,1.4 TB MultiAir Distinctive,2011,213000,Kırmızı,441000,Adana Seyhan
Giulietta,1.6 JTD Super TCT,2017,159000,Gümüş Gri,615000,Eskişehir Odunpazarı
Giulietta,1.4 TB Distinctive,2011,88000,Beyaz,375000,Sakarya Adapazarı
166,3.0 Sportronic,1999,220000,Gri,215000,Kocaeli Çayırova
Giulietta,1.6 JTD Distinctive,2014,152000,Siyah,510000,Ankara Çankaya
156,1.6 TS Distinctive,2003,249000,Lacivert,228000,İzmir Bornova
Giulietta,1.4 TB MultiAir Distinctive,2013,115000,Kırmızı,575000,Ordu Ünye
145,1.6,1996,224000,Kırmızı,85000,Eskişehir Tepebaşı
Giulietta,1.6 JTD Distinctive,2013,163000,Kırmızı,474000,Kocaeli İzmit
156,1.6 TS,2001,279000,Mavi,205000,İstanbul Ümraniye
156,1.6 TS Distinctive,2006,211000,Siyah,285000,Diyarbakır Kulp
146,1.6 TS,1998,305000,Gri,120000,Diyarbakır Yenişehir
146,1.4 TS,1997,223000,Kırmızı,129900,Kocaeli Darıca
156,1.6 TS Distinctive,2004,233000,Siyah,225000,İzmir Gaziemir
147,1.6 TS Distinctive,2005,167000,Siyah,235000,İzmir Kemalpaşa
145,1.4 TS STD,1998,315000,Mavi,134000,Ankara Etimesgut
166,2.0 TS,2002,177000,Bordo,184000,Gaziantep Oğuzeli
Giulietta,1.4 TB Progression Plus,2015,57000,Kırmızı,579000,İstanbul Maltepe
147,1.6 TS Distinctive,2005,298500,Mavi,245000,İzmir Bergama
Giulietta,1.4 TB Distinctive,2011,135000,Beyaz,362000,İstanbul Beylikdüzü
Giulietta,1.6 JTD Distinctive,2015,130000,Kırmızı,553000,İstanbul Beykoz
146,1.6 L,1996,332000,Siyah,125000,Adana Seyhan
Giulietta,1.6 JTD Progression Plus,2014,252500,Beyaz,445000,İzmir Bornova
Giulietta,1.4 TB MultiAir Distinctive,2011,169000,Beyaz,457000,Şırnak Cizre
Giulietta,1.4 TB MultiAir Distinctive,2014,119000,Lacivert,615000,Konya Meram
MiTo,1.4 T MultiAir TCT,2013,99000,Beyaz,449900,İstanbul Büyükçekmece
MiTo,1.3 JTD City,2012,199000,Beyaz,364000,İstanbul Esenyurt
156,1.6 TS Distinctive,2004,260000,Gri,282000,İstanbul Küçükçekmece
Giulietta,1.6 JTD Progression,2018,110000,Beyaz,628000,Ankara Akyurt
146,1.6 L,1996,275000,Şampanya,120000,İstanbul Kadıköy
Giulietta,1.6 JTD Progression Plus,2015,159000,Kırmızı,514000,Konya Selçuklu
147,1.6 TS Progression,2006,360000,Siyah,200000,Antalya Alanya
Giulietta,1.6 JTD Progression Plus,2015,179000,Beyaz,550000,İstanbul Avcılar
146,1.4 TS,1998,288000,Gri,135500,Ankara Elmadağ
156,1.6 TS Distinctive,2004,280000,Gri,227500,Yozgat Sorgun
Giulietta,1.6 JTD Distinctive,2014,213000,Siyah,480000,Kayseri Kocasinan
147,1.6 TS Progression,2008,198500,Kırmızı,216000,Balıkesir Gönen
156,1.6 TS Distinctive,2004,280000,Mavi,230000,İzmir Karşıyaka
Giulietta,1.6 JTD Giulietta,2020,28300,Kırmızı,765000,İstanbul Esenyurt
Giulietta,1.6 JTD Distinctive,2013,133696,Kırmızı,449750,İstanbul Ümraniye
147,1.6 TS Progression,2009,182000,Kırmızı,279000,İstanbul Sarıyer
Giulietta,1.4 TB MultiAir Distinctive,2011,110000,Beyaz,528000,Çanakkale Yenice
Giulietta,1.4 TB Progression Plus,2013,165000,Beyaz,437500,İstanbul Ataşehir
Giulietta,1.6 JTD Distinctive,2012,180000,Beyaz,369850,İstanbul Eyüpsultan
Giulietta,1.6 JTD Distinctive,2014,220000,Kırmızı,370000,Ankara Yenimahalle
Giulietta,1.6 JTD Super TCT,2016,110000,Gri,790000,Konya Meram
159,1.9 JTD Distinctive,2006,190000,Siyah,320000,İstanbul Kartal
156,2.0 TS Distinctive,2001,272000,Siyah,193000,Ankara Yenimahalle
Giulietta,1.6 JTD Progression Plus,2012,172600,Beyaz,425000,Sakarya Sapanca
Giulietta,1.4 TB Progression Plus,2011,97000,Beyaz,445000,Kocaeli Gebze
Giulietta,1.4 TB Progression Plus,2011,180000,Beyaz,399000,İstanbul Başakşehir
145,1.6,1996,115500,Yeşil,122750,İstanbul Ümraniye
Giulietta,1.6 JTD Distinctive,2014,60173,Kırmızı,535000,İstanbul Ümraniye
Giulietta,1.6 JTD Super TCT,2018,73500,Beyaz,714500,İstanbul Ataşehir
Giulietta,1.4 TB MultiAir Distinctive,2012,116000,Beyaz,653990,İstanbul Maltepe
147,1.6 TS Distinctive,2003,182000,Kırmızı,245000,İstanbul Küçükçekmece
146,1.6 L,1997,248000,Siyah,123000,Isparta Merkez
145,1.6,1996,240000,Kırmızı,137000,Muğla Bodrum
156,1.6 TS,2001,315000,Gümüş Gri,161900,İstanbul Başakşehir
Giulietta,1.6 JTD Distinctive,2012,155000,Kırmızı,478000,Bursa Nilüfer
147,2.0 TS Selespeed Distinctive,2005,245000,Siyah,240000,Gaziantep Şehitkamil
147,1.6 TS Distinctive,2007,260000,Bordo,230000,Antalya Alanya
156,1.6 TS Distinctive,2004,176000,Kırmızı,275000,İstanbul Maltepe
MiTo,1.4 T MultiAir TCT Sportivo,2012,106000,Beyaz,520000,İstanbul Beykoz
Giulietta,1.6 JTD Distinctive,2011,275000,Beyaz,361500,Eskişehir Odunpazarı
156,1.6 TS Progression,2004,187000,Siyah,224000,Antalya Kepez
146,1.4 TS,1997,295000,Beyaz,113000,Şanlıurfa Haliliye
GT,2.0 JTS Distinctive,2006,160000,Kırmızı,338000,Kocaeli Başiskele
Giulietta,1.6 JTD Distinctive,2014,104200,Siyah,525000,Kayseri Talas
Giulietta,1.6 JTD Distinctive,2015,179600,Beyaz,474500,Ankara Çankaya
Giulietta,1.4 TB MultiAir Distinctive,2011,120000,Beyaz,460000,İstanbul Ataşehir
159,1.9 JTD Distinctive Plus,2007,208900,Siyah,425000,Hatay Dörtyol
Giulietta,1.6 JTD Progression Plus,2011,116000,Beyaz,452000,İstanbul Eyüpsultan
147,1.6 TS Distinctive,2003,283000,Kırmızı,176000,Mersin Toroslar
155,2.0 TS Super Losso,1997,280000,Siyah,140000,Konya Selçuklu
MiTo,1.4 T Distinctive,2009,165500,Kırmızı,405000,İstanbul Gaziosmanpaşa
156,1.6 TS Distinctive,2004,264000,Füme,255000,İstanbul Avcılar
Giulietta,1.4 TB MultiAir Super TCT,2017,56250,Beyaz,880000,Rize Merkez
Giulietta,1.6 JTD Progression Plus,2011,221000,Beyaz,398000,Antalya Muratpaşa
156,1.6 TS,1998,243000,Mavi,143000,İstanbul Diğer
Giulietta,1.4 TB MultiAir Distinctive,2013,145000,Beyaz,455000,Kayseri Kocasinan
147,1.6 TS Progression,2004,197000,Siyah,195000,Ankara Beypazarı
145,1.6,1997,288000,Kırmızı,143000,İstanbul Ataşehir
Giulia,2.0 T Veloce,2022,7350,Siyah,2390000,İstanbul Kadıköy
Giulietta,1.4 TB MultiAir Distinctive,2013,145000,Beyaz,113000,İstanbul Ümraniye
Giulietta,1.6 JTD Distinctive,2011,162700,Siyah,439900,İzmir Gaziemir
Giulietta,1.6 JTD Progression Plus,2014,128000,Beyaz,482000,İstanbul Zeytinburnu
Giulietta,1.6 JTD Distinctive,2015,137300,Beyaz,520000,Ankara Çankaya
GT,2.0 JTS Distinctive,2006,124236,Siyah,350000,İstanbul Fatih
Giulietta,1.6 JTD Progression Plus,2013,150000,Beyaz,475000,Antalya Muratpaşa
156,2.0 TS Distinctive,2001,222000,Gri,152000,İstanbul Küçükçekmece
MiTo,1.6 JTD Distinctive,2009,225000,Beyaz,350000,İstanbul Bağcılar
Giulietta,1.4 TB MultiAir Distinctive,2013,76421,Beyaz,582000,Çorum Merkez
Giulietta,1.6 JTD Distinctive,2014,133000,Beyaz,460000,Aydın Kuşadası
156,1.6 TS,1999,243000,Kırmızı,220000,Samsun Tekkeköy
156,2.0 TS,1998,217000,Yeşil,235000,İstanbul Ataşehir
146,1.6 L,1997,197000,Siyah,115000,İstanbul Tuzla
147,1.6 TS Distinctive,2004,227000,Siyah,205000,Antalya Muratpaşa
156,2.0 TS Selespeed,2000,353000,Gümüş Gri,235000,İstanbul Ümraniye
146,1.9 JTD,2000,357000,Lacivert,115000,Kırıkkale Merkez
MiTo,1.4 T Distinctive,2009,197000,Siyah,345000,Kocaeli İzmit
Giulietta,1.6 JTD Distinctive,2012,122000,Beyaz,430000,İzmir Gaziemir
147,1.6 TS Distinctive,2008,225000,Mavi,220000,Adıyaman Kahta
Giulietta,1.4 TB Progression Plus,2014,63000,Beyaz,535000,İstanbul Büyükçekmece
156,2.0 TS,1998,276000,Siyah,140000,Antalya Alanya
156,2.0 TS Selespeed,2000,73000,Gümüş Gri,399000,İstanbul Kadıköy
Giulietta,1.6 JTD Distinctive,2012,142500,Kırmızı,430000,Ankara Etimesgut
145,1.6,1996,225000,Siyah,124750,Kocaeli Çayırova
MiTo,1.4 T MultiAir TCT,2011,142000,Beyaz,500000,İstanbul Üsküdar
156,2.0 TS Distinctive,2000,366000,Kırmızı,205000,İstanbul Kadıköy
156,1.6 TS Distinctive,2005,214800,Şampanya,280000,İstanbul Avcılar
Giulietta,1.4 TB MultiAir Distinctive,2014,166000,Kırmızı,625000,Uşak Merkez
Giulietta,1.4 TB MultiAir Distinctive,2012,139000,Gümüş Gri,498000,Ankara Çankaya
GTV,2.0 TB,1997,142000,Beyaz,421000,Antalya Aksu
Giulietta,1.6 JTD Distinctive,2013,190000,Beyaz,455000,Gaziantep Şehitkamil
156,1.6 TS Distinctive,2005,273000,Siyah,242000,Gaziantep Şahinbey
Giulietta,1.4 TB MultiAir Distinctive,2013,123000,Beyaz,579000,Manisa Salihli
Giulietta,1.6 JTD Super TCT,2020,49000,Beyaz,835000,Antalya Muratpaşa
166,2.0 TS Executive,2001,260000,Siyah,145000,Sivas Şarkışla
Giulia,2.0 T Veloce,2022,6500,Siyah,2350000,Gaziantep Şehitkamil
Giulietta,1.4 TB MultiAir Distinctive,2011,205000,Beyaz,482000,Bursa Osmangazi
Giulietta,1.6 JTD Distinctive,2012,301000,Kırmızı,383500,İstanbul Bağcılar
147,1.6 TS Distinctive,2005,213000,Füme,265000,İstanbul Büyükçekmece
156,2.0 TS,1999,251000,Siyah,165000,Gaziantep Şahinbey
Giulietta,1.4 TB MultiAir Distinctive,2015,87000,Beyaz,630000,İstanbul Küçükçekmece
146,1.6 L,1996,251000,Beyaz,95000,Kayseri Kocasinan
33,1.5 IE,1990,147000,Kırmızı,72500,İstanbul Pendik
Giulietta,1.6 JTD Distinctive,2012,176000,Beyaz,422500,Ankara Etimesgut
Giulietta,1.6 JTD Progression Plus,2011,237000,Siyah,390000,Gaziantep Şahinbey
Giulietta,1.6 JTD Distinctive,2011,177000,Beyaz,398000,İstanbul Ümraniye
145,1.7,1995,247000,Gri,90000,İstanbul Eyüpsultan
159,1.9 JTD Distinctive Plus,2008,319000,Kahverengi,425000,İzmir Çiğli
147,1.6 TS Distinctive,2004,270000,Gümüş Gri,203000,Ankara Keçiören
159,1.9 JTD Distinctive,2006,269000,Gri,298000,İstanbul Bayrampaşa
145,1.6,1996,215000,Yeşil,145000,Mersin Erdemli
147,2.0 TS Selespeed Distinctive,2004,175000,Bej,215000,İstanbul Ataşehir
Giulietta,1.4 TB MultiAir Distinctive,2011,94000,Gümüş Gri,500000,Balıkesir Karesi
MiTo,1.4 T MultiAir TCT,2013,115000,Beyaz,430000,İstanbul Beşiktaş
Giulietta,1.6 JTD Distinctive,2015,103084,Siyah,563000,Ankara Çankaya
Giulietta,1.6 JTD Distinctive,2013,156000,Beyaz,420000,İstanbul Kartal
156,1.6 TS Distinctive,2003,380000,Siyah,145000,Malatya Yeşilyurt
147,1.6 TS Collezione,2008,159300,Siyah,285000,Uşak Merkez
Giulietta,1.4 TB MultiAir Distinctive,2012,179900,Beyaz,525000,Antalya Muratpaşa
Giulietta,1.6 JTD Distinctive,2012,160000,Beyaz,413000,İstanbul Bahçelievler
156,1.6 TS Distinctive,2004,353000,Gri,203500,İstanbul Bahçelievler
Giulietta,1.6 JTD Super TCT,2018,155200,Gri,613000,İstanbul Sancaktepe
Giulietta,1.6 JTD Distinctive,2013,161000,Beyaz,455000,İstanbul Sancaktepe
Giulietta,1.4 TB MultiAir Distinctive,2012,286000,Beyaz,459000,Düzce Merkez
Giulietta,1.6 JTD Progression Plus,2012,104700,Beyaz,457500,İstanbul Kadıköy
Giulietta,1.6 JTD Progression,2017,47000,Beyaz,725000,Ankara Çankaya
Giulietta,1.4 TB MultiAir Distinctive,2015,259000,Siyah,520850,İstanbul Maltepe
156,1.6 TS Distinctive,2006,299000,Füme,225000,Aydın Söke
Giulietta,1.6 JTD Distinctive,2011,188000,Beyaz,393750,İstanbul Esenyurt
MiTo,1.4 T MultiAir Quadrifoglio Verde,2010,118000,Kırmızı,365000,İstanbul Esenyurt
Giulietta,1.4 TB MultiAir Distinctive,2014,78000,Kırmızı,634500,Sakarya Serdivan
159,3.2 JTS Q4 Distinctive,2006,208000,Füme,1375000,İstanbul Sarıyer
Giulietta,1.6 JTD Distinctive,2013,235000,Kırmızı,392500,İstanbul Ataşehir
Giulietta,1.6 JTD Progression Plus,2011,178000,Siyah,410000,İstanbul Gaziosmanpaşa
147,1.6 TS Distinctive,2004,253000,Kırmızı,193000,İzmir Çiğli
159,1.9 JTD Distinctive,2006,311000,Siyah,295000,Kayseri Kocasinan
MiTo,1.4 T Distinctive,2009,168000,Sarı,339000,İstanbul Kadıköy
156,1.6 TS Distinctive,2004,262000,Gri,219999,Hatay Dörtyol
156,2.0 TS,1999,290000,Gri,135000,İstanbul Kağıthane
147,1.6 TS Progression,2007,79000,Kırmızı,310000,Çanakkale Lapseki
147,1.6 TS Progression,2009,93600,Siyah,332500,İstanbul Beylikdüzü
156,2.0 TS,1999,300000,Beyaz,138000,İstanbul Beykoz
156,2.0 TS Distinctive,2002,237500,Kırmızı,175000,Muğla Bodrum
Giulietta,1.6 JTD Distinctive,2012,215000,Kırmızı,435000,Denizli Acıpayam
156,2.0 TS Distinctive,2000,370000,Gri,187000,Muğla Milas
MiTo,1.6 JTD Progression,2009,217000,Kahverengi,335900,İstanbul Büyükçekmece
Giulia,2.0 T Veloce,2022,13500,Gri,2650000,İstanbul Ataşehir
156,1.6 TS Distinctive,2005,187000,Siyah,283000,Balıkesir Karesi
156,1.6 TS Distinctive,2005,240000,Gri,270000,Mardin Savur
Giulietta,1.6 JTD Distinctive,2014,170000,Beyaz,620000,İzmir Karşıyaka
159,1.9 JTD Distinctive Plus,2008,204500,Gümüş Gri,432500,Aksaray Merkez
159,1.9 JTD Distinctive Plus,2008,269000,Bordo,337900,İstanbul Bağcılar
Giulietta,1.6 JTD Super TCT,2016,105000,Kırmızı,179000,Hatay Dörtyol
Giulietta,1.6 JTD Distinctive,2015,118000,Beyaz,520000,Ankara Çankaya
147,1.6 TS Distinctive,2005,320000,Kırmızı,253000,Mersin Silifke
MiTo,1.3 JTD City,2012,146700,Beyaz,340000,Manisa Soma
Giulietta,1.4 TB MultiAir Distinctive,2014,133876,Kırmızı,639000,İstanbul Üsküdar
Giulia,2.0 T Sprint,2020,32700,Lacivert,1890000,İstanbul Üsküdar
Giulietta,1.6 JTD Progression Plus,2011,222000,Beyaz,382000,İstanbul Kağıthane
156,2.0 TS Executive,1999,230000,Gümüş Gri,172000,Eskişehir Odunpazarı
Giulietta,1.6 JTD Super TCT,2016,75800,Kırmızı,663900,Denizli Sarayköy
Giulietta,1.6 JTD Distinctive,2012,245000,Beyaz,395000,İstanbul Kadıköy
156,1.6 TS Distinctive,2004,249500,Füme,179000,Adana Çukurova
147,1.6 TS Distinctive,2004,210000,Gri,235000,İzmir Güzelbahçe
Brera,3.2 JTS Q4 Sky Window,2006,6080,Siyah,1700000,İstanbul Maltepe
Giulietta,1.6 JTD Super TCT,2016,105000,Kırmızı,710000,Mersin Yenişehir
Giulietta,1.6 JTD Super TCT,2016,140000,Beyaz,725000,Eskişehir Odunpazarı
159,1.9 JTD Distinctive Plus,2008,10000,Siyah,305000,İstanbul Bakırköy
156,1.6 TS Progression,2004,220000,Kırmızı,285000,Burdur Bucak
Giulietta,1.6 JTD Distinctive,2014,117000,Beyaz,515000,İstanbul Başakşehir
Giulietta,1.6 JTD Distinctive,2015,103000,Kırmızı,550000,Diyarbakır Kayapınar
159,1.9 JTD Distinctive,2006,212000,Siyah,365000,Balıkesir Altıeylül
156,1.6 TS Distinctive,2006,360000,Siyah,190000,İstanbul Ataşehir
Giulietta,1.4 TB MultiAir Distinctive,2015,89592,Beyaz,779000,Ankara Etimesgut
Giulietta,1.6 JTD Distinctive,2014,90000,Siyah,492000,Bartın Merkez
155,2.0 TS Sport,1997,275025,Gri,140000,Aydın Kuşadası
156,2.0 TS Executive,1999,227000,Siyah,180000,Eskişehir Tepebaşı
147,1.6 TS Progression,2004,230000,Siyah,200000,Erzurum Yakutiye
159,1.9 JTD Distinctive,2006,258000,Kırmızı,304000,Batman Merkez
Giulietta,1.4 TB MultiAir Distinctive,2012,116000,Beyaz,617000,İstanbul Pendik
156,1.6 TS Distinctive,2006,187000,Gri,265000,İstanbul Bahçelievler
147,1.6 TS Distinctive,2005,242000,Gri,210000,Çorum Sungurlu
Giulietta,1.6 JTD Progression,2016,166000,Beyaz,615000,Adana Seyhan
159,1.9 JTD Distinctive Plus,2009,187000,Beyaz,450000,İzmir Konak
147,1.6 TS Distinctive,2005,299000,Siyah,229900,Nevşehir Merkez
MiTo,1.4 T MultiAir TCT Sportivo,2011,97000,Beyaz,515000,Kocaeli Gebze
159,1.9 JTD Distinctive,2008,300500,Siyah,615000,Bursa Osmangazi
147,1.6 TS Black Line,2006,175000,Siyah,245000,İstanbul Beşiktaş
156,1.6 TS Distinctive,2004,185000,Füme,272500,İstanbul Kadıköy
156,1.6 TS Distinctive,2004,290000,Gümüş Gri,233750,Ankara Keçiören
Giulietta,1.6 JTD Distinctive,2014,167000,Beyaz,475000,Tekirdağ Çorlu
Giulietta,1.6 JTD Distinctive,2011,266000,Beyaz,370000,İstanbul Ümraniye
147,1.6 TS Distinctive,2004,223000,Kırmızı,209000,Çorum Merkez
Giulietta,1.6 JTD Distinctive,2013,175000,Beyaz,449000,İzmir Karşıyaka
166,2.0 TS,1999,180000,Gümüş Gri,208000,Antalya Konyaaltı
Giulia,2.0 T Veloce,2020,46000,Mavi,2150000,İstanbul Kadıköy
159,1.9 JTD Distinctive,2008,300500,Siyah,350000,İstanbul Zeytinburnu
Giulietta,1.4 TB MultiAir Distinctive,2013,123000,Beyaz,465000,İstanbul Sarıyer
Giulietta,1.6 JTD Progression Plus,2013,146500,Beyaz,410000,Rize Çayeli
146,1.6 L,1997,215000,Siyah,97000,Konya Selçuklu
Giulietta,1.4 TB Distinctive,2011,104000,Beyaz,455000,İstanbul Pendik
156,2.0 TS,2000,287000,Siyah,159999,Aydın Söke
Giulietta,1.4 TB MultiAir Distinctive,2013,90550,Beyaz,605000,İstanbul Maltepe
Giulietta,1.4 TB MultiAir Distinctive,2012,165000,Füme,535000,İstanbul Fatih
146,1.6 TS,1997,352000,Lacivert,121000,İstanbul Küçükçekmece
156,1.6 TS Distinctive,2004,248000,Bej,265000,İzmir Karabağlar
Giulietta,1.6 JTD Distinctive,2014,150000,Kırmızı,449000,İstanbul Çekmeköy
Giulietta,1.6 JTD Distinctive,2012,220000,Beyaz,449000,İstanbul Sancaktepe
147,1.6 TS Distinctive,2008,158000,Kırmızı,295000,Sivas Merkez
33,1.7 IE,1994,210000,Beyaz,127000,İstanbul Maltepe
156,1.6 TS,2001,344000,Siyah,160000,Konya Selçuklu
147,1.6 TS Progression,2003,236500,Kırmızı,205000,Ankara Mamak
Giulietta,1.75 TBI Quadrifoglio Verde,2011,167000,Kırmızı,657000,Antalya Konyaaltı
MiTo,1.4 T Progression,2009,275000,Siyah,342500,Ankara Çankaya
147,1.6 TS Distinctive,2006,228000,Gri,230000,İstanbul Esenyurt
MiTo,1.6 JTD Distinctive,2010,270000,Beyaz,325000,İstanbul Başakşehir
156,2.0 TS Selespeed,2001,290000,Mavi,225000,İstanbul Başakşehir
159,1.9 JTD Distinctive,2007,208412,Gümüş Gri,370000,İzmir Karşıyaka
159,1.9 JTD Distinctive,2006,262000,Siyah,335000,Diğer
156,1.6 TS Distinctive,2004,343000,Lacivert,215000,Muğla Bodrum
145,1.4 TS STD,1998,180000,Lacivert,118000,Antalya Diğer
MiTo,1.4 T Distinctive,2011,178000,Siyah,430000,İstanbul Maltepe
156,2.0 TS,1998,299993,Gümüş Gri,166750,Denizli Pamukkale
Giulietta,1.6 JTD Progression Plus,2014,175000,Gri,470000,İstanbul Pendik
156,2.0 TS,1998,232000,Füme,235000,İstanbul Kadıköy
147,1.9 JTD Q2,2003,261000,Siyah,225000,İstanbul Kadıköy
Giulietta,1.6 JTD Super TCT,2018,42000,Beyaz,699990,Samsun Tekkeköy
Giulietta,1.6 JTD Distinctive,2011,247000,Beyaz,392500,Bursa Osmangazi
Giulietta,1.4 TB Progression Plus,2012,103000,Beyaz,440000,Bursa Osmangazi
Giulietta,1.4 TB MultiAir Distinctive,2012,42300,Beyaz,645000,İstanbul Şişli
156,2.0 TS Distinctive,2002,283000,Kahverengi,309999,Ankara Etimesgut
147,1.6 TS Distinctive,2005,220000,Kırmızı,209750,İstanbul Bağcılar
159,1.9 JTD Distinctive Plus,2007,223000,Gri,345000,Konya Hüyük
145,1.7,1995,272000,Gümüş Gri,135000,Kütahya Merkez
156,2.0 JTS Distinctive,2004,198000,Füme,289000,Bursa Mustafakemalpaşa
Giulietta,1.6 JTD Distinctive,2012,212000,Kırmızı,415000,Antalya Kepez
Giulietta,1.4 TB MultiAir Distinctive,2012,129700,Beyaz,615000,İstanbul Ataşehir
159,1.9 JTD Distinctive Plus,2011,311000,Siyah,380000,Antalya Konyaaltı
146,1.4 TS,1998,222000,Bordo,120000,İstanbul Küçükçekmece
156,1.6 TS Distinctive,2004,242000,Kırmızı,215000,Eskişehir Odunpazarı
Giulietta,1.6 JTD Distinctive,2014,202000,Beyaz,420000,Samsun Atakum
Giulietta,1.6 JTD Distinctive,2011,169500,Beyaz,415000,İstanbul Küçükçekmece
147,1.6 TS Distinctive,2004,229700,Siyah,225000,Çanakkale Merkez
Giulietta,1.4 TB Distinctive,2011,193000,Siyah,475000,İstanbul Kartal
Giulietta,1.4 TB MultiAir Distinctive,2013,153000,Füme,550000,Bursa Nilüfer
Giulietta,1.4 TB Distinctive,2011,118000,Beyaz,445000,İstanbul Esenler
156,1.9 JTD Sportwagon,2004,201000,Gri,282000,Muğla Bodrum
147,1.6 TS Distinctive,2004,344191,Mavi,135000,Ankara Sincan
Giulietta,1.6 JTD Distinctive,2011,168000,Beyaz,480000,Ankara Etimesgut
Giulietta,1.6 JTD Progression Plus,2013,143000,Beyaz,430000,Antalya Muratpaşa
Giulia,2.0 T Veloce,2022,20000,Füme,2430000,İstanbul Başakşehir
Giulietta,1.6 JTD Distinctive,2011,270000,Beyaz,385000,Ankara Sincan
Giulietta,1.4 TB MultiAir Distinctive,2012,71000,Beyaz,544000,İstanbul Maltepe
MiTo,1.3 JTD City,2014,111889,Kırmızı,400000,Gaziantep Şehitkamil
147,1.6 TS Distinctive,2005,259000,Siyah,235000,Afyonkarahisar Merkez
156,1.6 TS Distinctive,2005,205000,Siyah,267500,Antalya Muratpaşa
164,2.0 TS,1995,215000,Lacivert,209000,İstanbul Sancaktepe
147,1.6 TS Distinctive,2004,344191,Mavi,190000,Manisa Yunusemre
156,1.6 TS Distinctive,2004,255000,Kırmızı,245000,İzmir Bayraklı
159,2.4 JTD Distinctive,2007,311000,Füme,357500,İstanbul Kadıköy
Giulietta,1.6 JTD Super TCT,2016,105500,Gri,733000,Zonguldak Ereğli
156,1.6 TS Distinctive,2004,278000,Füme,235000,Ankara Keçiören
159,1.9 JTD Distinctive Plus,2011,185000,Beyaz,513500,Ankara Yenimahalle
Giulietta,1.4 TB MultiAir Distinctive,2011,191000,Bordo,400000,Kocaeli Gebze
Giulietta,1.6 JTD Distinctive,2011,202000,Siyah,425000,İzmir Karşıyaka
166,2.0 TS,1999,280000,Siyah,160000,Kocaeli Başiskele
Giulietta,1.4 TB MultiAir Distinctive,2011,174000,Beyaz,520000,İstanbul Bahçelievler
147,1.6 TS Progression,2003,274000,Mavi,205000,Antalya Muratpaşa
159,1.9 JTD Distinctive Plus,2008,213800,Siyah,415000,Ordu Altınordu
Giulietta,1.6 JTD Super TCT,2017,85000,Beyaz,742500,İstanbul Ümraniye
Giulietta,1.4 TB MultiAir Distinctive,2011,290000,Kırmızı,410000,Samsun Atakum
156,1.6 TS Distinctive,2004,180000,Füme,310000,İstanbul Bağcılar
159,1.9 JTD Distinctive Plus,2008,205000,Gri,495750,Bursa Osmangazi
Giulietta,1.6 JTD Super TCT,2017,155000,Beyaz,587000,Antalya Gazipaşa
159,1.9 JTD Distinctive Plus,2008,209000,Şampanya,575000,İstanbul Üsküdar
Giulietta,1.6 JTD Progression Plus,2011,228000,Beyaz,372000,İstanbul Eyüpsultan
159,1.9 JTD Distinctive,2007,236000,Füme,370000,Adana Çukurova
156,1.6 TS Distinctive,2005,350000,Siyah,203000,İstanbul Kağıthane
Giulietta,1.4 TB MultiAir Distinctive,2013,10729,Kırmızı,689950,İstanbul Sancaktepe
Giulietta,1.4 TB Progression Plus,2014,130758,Kırmızı,510000,Balıkesir Bandırma
Giulietta,1.6 JTD Progression Plus,2014,128000,Beyaz,480000,İzmir Menderes
147,1.6 TS Distinctive,2004,171000,Siyah,205000,Şanlıurfa Haliliye
MiTo,1.3 JTD City,2013,171000,Beyaz,354000,İstanbul Pendik
Giulietta,1.6 JTD Super TCT,2017,97000,Gümüş Gri,740000,İstanbul Sultangazi
Giulietta,1.4 TB Progression Plus,2012,59000,Beyaz,465000,Kocaeli İzmit
Giulietta,1.6 JTD Progression Plus,2014,222129,Beyaz,440000,Ankara Pursaklar
156,1.6 TS,2000,247000,Bordo,162500,İzmir Karabağlar
156,2.0 TS,2001,280000,Kırmızı,232500,İstanbul Bağcılar
156,1.6 TS Distinctive,2004,209000,Mavi,248500,Eskişehir Odunpazarı
156,2.0 TS Selespeed,2000,304000,Gümüş Gri,214000,İstanbul Ataşehir
146,1.4 TS,1997,268000,Mavi,145000,Tekirdağ Malkara
147,1.6 TS Distinctive,2008,140000,Siyah,277500,İzmir Bornova
145,1.4 TS STD,1998,255000,Yeşil,122000,Bursa Mustafakemalpaşa
156,1.6 TS Distinctive,2006,205000,Siyah,290000,Ankara Çankaya
147,1.6 TS Distinctive,2009,243550,Lacivert,280500,İstanbul Gaziosmanpaşa
147,1.6 TS Progression,2005,296215,Gri,168000,İzmir Buca
Giulietta,1.6 JTD Distinctive,2014,261000,Füme,402000,Muğla Menteşe
147,1.6 TS Distinctive,2004,283000,Siyah,200000,Ankara Çankaya
Giulietta,1.6 JTD Distinctive,2011,266000,Beyaz,405000,İstanbul Kartal
MiTo,1.3 JTD City,2012,191000,Beyaz,352500,İstanbul Maltepe
MiTo,1.3 JTD City,2014,148000,Beyaz,425000,Bursa Osmangazi
Giulietta,1.4 TB MultiAir Distinctive,2012,172500,Beyaz,410000,Eskişehir Odunpazarı
Giulietta,1.6 JTD Distinctive,2013,134000,Beyaz,505000,İstanbul Küçükçekmece
Giulietta,1.6 JTD Distinctive,2014,201000,Kırmızı,475000,Sakarya Serdivan
Giulietta,1.4 TB MultiAir Distinctive,2014,154536,Gümüş Gri,559500,Ankara Yenimahalle
MiTo,1.3 JTD City,2012,142000,Kırmızı,355000,İstanbul Bağcılar
156,2.0 TS Distinctive,2002,145500,Siyah,250000,Ankara Çankaya
Giulietta,1.4 TB MultiAir Distinctive,2011,235500,Beyaz,467750,Antalya Konyaaltı
MiTo,1.4 T MultiAir Quadrifoglio Verde,2011,145000,Beyaz,400000,İzmir Karşıyaka
Giulietta,1.6 JTD Distinctive,2011,183000,Kırmızı,380000,İstanbul Gaziosmanpaşa
Brera,2.2 JTS,2007,184000,Kırmızı,865000,Bursa Nilüfer
GT,2.0 JTS Dis.Selespeed,2006,209000,Siyah,337000,Antalya Kepez
MiTo,1.6 JTD Distinctive,2010,184500,Beyaz,325000,Trabzon Ortahisar
Giulietta,1.4 TB MultiAir Distinctive,2015,75000,Kırmızı,627000,İstanbul Kadıköy
Giulietta,1.6 JTD Progression,2017,137000,Füme,610000,Gaziantep Şahinbey
156,1.6 TS Distinctive,2004,208000,Bej,205000,İstanbul Bağcılar
159,2.4 JTD Distinctive,2007,316000,Siyah,374990,Kocaeli Körfez
Giulietta,1.4 TB Progression Plus,2011,351000,Siyah,450000,Bursa Yıldırım
Giulietta,1.6 JTD Distinctive,2015,160000,Kırmızı,508000,Ankara Çankaya
Giulietta,1.4 TB Distinctive,2011,189290,Siyah,445000,Tekirdağ Çorlu
Giulietta,1.6 JTD Distinctive,2012,180000,Beyaz,370000,Ankara Etimesgut
Giulietta,1.6 JTD Super TCT,2018,32000,Beyaz,689750,Samsun Tekkeköy
159,1.9 JTD Distinctive Plus,2008,270000,Mavi,399900,Kayseri Kocasinan
159,1.9 JTD Distinctive Plus,2009,313000,Siyah,350000,Ankara Elmadağ
156,2.0 JTS Distinctive,2004,217000,Füme,275000,İzmir Konak
156,1.6 TS Distinctive,2005,326000,Siyah,217000,Ankara Gölbaşı
MiTo,1.4 T Distinctive,2011,92000,Siyah,419000,İstanbul Kağıthane
Giulietta,1.4 TB Progression Plus,2015,44000,Kırmızı,575000,İstanbul Fatih
Giulietta,1.4 TB MultiAir Distinctive,2013,151500,Beyaz,465000,Diyarbakır Lice
Giulietta,1.4 TB MultiAir Distinctive,2013,75000,Beyaz,587500,İstanbul Kartal
159,1.9 JTD Distinctive Plus,2007,182000,Kırmızı,450000,İstanbul Kadıköy
Giulietta,1.4 TB MultiAir Distinctive,2014,109000,Siyah,665000,İstanbul Kadıköy
Giulia,2.0 T Veloce,2022,10243,Beyaz,2480000,Konya Karatay
156,1.6 TS Distinctive,2006,258000,Gümüş Gri,245000,Eskişehir Tepebaşı
Giulietta,1.4 TB Progression Plus,2013,120000,Kırmızı,454950,İstanbul Esenyurt
146,1.6 L,1997,245000,Gümüş Gri,115000,İstanbul Tuzla
MiTo,1.6 JTD Distinctive,2009,215000,Kırmızı,419999,Ankara Çankaya
Giulia,2.0 T Sprint,2020,6600,Beyaz,1705000,Adana Seyhan
156,1.6 TS Distinctive,2004,204000,Mavi,300000,İstanbul Güngören
Giulietta,1.4 TB MultiAir Distinctive,2015,99000,Beyaz,680000,İstanbul Esenyurt
147,1.6 TS Collezione,2008,191000,Siyah,335000,İzmir Buca
146,1.6 TS,1997,352000,Lacivert,121000,İstanbul Küçükçekmece
147,1.6 TS Black Line,2005,272000,Gri,175000,İstanbul Esenyurt
146,1.6 L,1997,229000,Siyah,139000,Kocaeli Gebze
Giulietta,1.6 JTD Distinctive,2014,105000,Beyaz,499900,Denizli Pamukkale
MiTo,1.4 T MultiAir TCT Sportivo,2011,131000,Beyaz,500000,Kayseri İncesu
156,1.6 TS,2001,198000,Gri,225000,Kırklareli Lüleburgaz
Giulietta,1.4 TB MultiAir Distinctive,2012,137000,Beyaz,475000,Antalya Kepez
156,1.6 TS Progression,2003,279000,Gümüş Gri,215000,Aydın Efeler
MiTo,1.4 T MultiAir TCT Sportivo,2013,122540,Lacivert,507000,İstanbul Sarıyer
Giulietta,1.6 JTD Progression Plus,2011,307000,Beyaz,362400,Ankara Çankaya
Giulietta,1.4 TB MultiAir Distinctive,2013,84000,Beyaz,538850,Kayseri Kocasinan
Giulietta,1.4 TB MultiAir Distinctive,2012,165000,Beyaz,459750,İstanbul Bağcılar
Giulietta,1.6 JTD Distinctive,2013,107000,Beyaz,480000,İstanbul Kadıköy
Giulietta,1.4 TB MultiAir Distinctive,2015,48200,Kırmızı,755000,İstanbul Ataşehir
Giulietta,1.6 JTD Progression,2016,155000,Beyaz,595000,İzmir Buca
147,1.6 TS Progression,2004,250000,Kırmızı,199999,İstanbul Bağcılar
159,1.9 JTD Distinctive,2008,198000,Siyah,358900,İstanbul Bahçelievler
Giulietta,1.6 JTD Sprint,2020,34000,Gri,860000,İstanbul Bahçelievler
146,1.6 TS,1997,92000,Şampanya,135000,Kocaeli İzmit
Giulietta,1.6 JTD Super TCT,2018,130000,Füme,765000,İstanbul Bağcılar
GT,2.0 JTS Dis.Selespeed,2006,171000,Siyah,385000,İstanbul Sultangazi
Giulietta,1.4 TB MultiAir Distinctive,2012,185000,Beyaz,498000,Ankara Keçiören
Giulietta,1.6 JTD Distinctive,2012,210000,Beyaz,419000,Antalya Alanya
146,1.6 L,1996,379000,Füme,120000,Niğde Bor
MiTo,1.3 JTD City,2012,190000,Kırmızı,330000,Ankara Çankaya
147,1.6 TS Distinctive,2004,252000,Gümüş Gri,197500,İzmir Karabağlar
Giulietta,1.6 JTD Progression Plus,2015,151000,Beyaz,440000,Gaziantep Şahinbey
MiTo,1.3 JTD City,2012,182000,Kırmızı,362750,İstanbul Maltepe
Giulietta,1.4 TB Distinctive,2012,49000,Kırmızı,540000,Antalya Konyaaltı
156,2.0 TS,1998,280000,Gümüş Gri,185000,İstanbul Pendik
156,1.6 TS Distinctive,2004,300000,Şampanya,217000,Antalya Manavgat
Giulietta,1.6 JTD Distinctive,2013,150000,Beyaz,485000,İzmir Gaziemir
159,1.9 JTS Distinctive,2006,196000,Siyah,415000,Ankara Polatlı
156,1.6 TS Distinctive,2006,205500,Şampanya,285000,İstanbul Sultanbeyli
Giulietta,1.6 JTD Distinctive,2014,94000,Kırmızı,524900,Aydın Nazilli
Giulietta,1.6 JTD Super TCT,2018,86500,Beyaz,610000,İstanbul Bağcılar
Giulietta,1.6 JTD Distinctive,2011,178700,Beyaz,430000,Antalya Kepez
Giulietta,1.75 TBI Quadrifoglio Verde,2011,165000,Beyaz,585000,Eskişehir Odunpazarı
159,1.9 JTD Distinctive,2008,259000,Gümüş Gri,370000,İstanbul Şişli
Giulietta,1.6 JTD Progression,2016,155000,Beyaz,480000,İstanbul Küçükçekmece
156,2.0 TS Distinctive,2001,225000,Kırmızı,219750,İstanbul Bağcılar
Giulietta,1.6 JTD Super TCT,2018,92300,Beyaz,728000,Antalya Alanya
156,1.6 TS Distinctive,2002,252000,Siyah,217500,İstanbul Ümraniye
166,2.0 TB,1999,210000,Gri,203000,Manisa Kırkağaç
Giulietta,1.6 JTD Super TCT,2016,64400,Beyaz,641000,İstanbul Maltepe
Giulietta,1.4 TB MultiAir Distinctive,2012,121300,Beyaz,520000,Trabzon Yomra
156,1.6 TS Distinctive,2005,239000,Gri,216000,Aydın Söke
156,1.6 TS Distinctive,2004,256000,Mavi,215000,Antalya Kepez
147,1.6 TS Distinctive,2003,281000,Gümüş Gri,200000,Balıkesir Edremit
Giulietta,1.6 JTD Progression,2017,99800,Füme,579000,Eskişehir Odunpazarı
Giulietta,1.6 JTD Distinctive,2013,172500,Beyaz,495000,İstanbul Ümraniye
Giulietta,1.6 JTD Distinctive,2012,143000,Beyaz,455000,Kocaeli İzmit
GT,2.0 JTS Dis.Selespeed,2008,246000,Siyah,310000,Kocaeli Başiskele
156,2.0 TS Distinctive,2001,219000,Lacivert,210000,Kastamonu Merkez
156,1.6 TS,2000,336000,Kırmızı,150000,Adana Yüreğir
Giulietta,1.4 TB MultiAir Progression Pluse,2012,54000,Beyaz,567900,Konya Karatay
Giulietta,1.4 TB Distinctive,2011,164500,Kırmızı,369900,İzmir Bayraklı
Giulietta,1.4 TB MultiAir Distinctive,2012,156000,Beyaz,450000,İstanbul Sarıyer
MiTo,1.4 T Distinctive,2009,179500,Kırmızı,440000,Bursa Nilüfer
156,2.0 TS Selespeed,2001,224000,Kırmızı,223500,Sakarya Akyazı
Giulietta,1.6 JTD Distinctive,2015,126000,Beyaz,510000,İstanbul Kartal
147,1.6 TS Distinctive,2004,250000,Mavi,167000,Afyonkarahisar Dinar
Giulietta,1.4 TB MultiAir Distinctive,2012,122000,Kırmızı,555000,İstanbul Beykoz
156,1.6 TS,2000,226000,Lacivert,183000,Afyonkarahisar Merkez
Giulietta,1.4 TB MultiAir Distinctive,2012,122400,Siyah,591000,Mersin Tarsus
145,1.7,1996,215000,Kırmızı,165000,Eskişehir Odunpazarı
156,2.0 TS Executive,2000,286123,Gri,175750,Afyonkarahisar Emirdağ
Giulietta,1.6 JTD Progression Plus,2011,260800,Siyah,393000,Adana Çukurova
156,1.6 TS Distinctive,2004,370000,Siyah,225000,İstanbul Kadıköy
Giulietta,1.4 TB MultiAir Distinctive,2014,99000,Gümüş Gri,560000,İstanbul Sancaktepe
156,1.6 TS,1998,270000,Gri,156000,Kocaeli İzmit
Giulietta,1.4 TB Progression Plus,2011,137500,Beyaz,418000,Van İpekyolu
156,1.6 TS,2001,252000,Siyah,180000,Antalya Kepez
Giulietta,1.4 TB MultiAir Distinctive,2011,185000,Beyaz,449000,Edirne Merkez
156,2.0 TS Executive,2002,344000,Beyaz,172500,Bolu Merkez
Giulietta,1.6 JTD Super TCT,2016,73000,Siyah,634000,İstanbul Eyüpsultan
Giulietta,1.4 TB MultiAir Distinctive,2012,177000,Beyaz,510000,İstanbul Güngören
Giulietta,1.4 TB MultiAir Distinctive,2012,156000,Beyaz,156000,Kocaeli Başiskele
159,1.9 JTD Distinctive,2008,317500,Siyah,330000,Antalya Alanya
156,1.6 TS Distinctive,2006,206000,Gri,260000,Hatay Yayladağı
159,1.9 JTD Distinctive Plus,2007,278000,Siyah,470000,Kars Merkez
Giulietta,1.4 TB MultiAir Distinctive,2012,130000,Kırmızı,525000,Antalya Alanya
147,1.6 TS Progression,2004,208000,Gümüş Gri,210000,Diyarbakır Yenişehir
156,2.0 TS Selespeed,2000,320000,Yeşil,209000,Ankara Etimesgut
156,2.0 TS,2000,306000,Gümüş Gri,225000,Bursa Osmangazi
Giulietta,1.6 JTD Distinctive,2013,212000,Siyah,430000,Kayseri Melikgazi
156,1.6 TS Distinctive,2006,299000,Siyah,225000,Kırşehir Merkez
Giulietta,1.6 JTD Distinctive,2013,178000,Siyah,425000,Ankara Çankaya
159,1.9 JTD Distinctive Plus,2007,285000,Kahverengi,310000,Ankara Etimesgut
Giulietta,1.6 JTD Giulietta,2020,65000,Siyah,740000,İstanbul Üsküdar
156,1.6 TS Distinctive,2004,193000,Bej,283000,Bursa Nilüfer
147,1.6 TS Distinctive,2005,90800,Gri,300000,Kayseri Talas
146,1.6 L,1997,240000,Lacivert,130000,Batman Merkez
Giulietta,1.6 JTD Distinctive,2014,100000,Siyah,525000,İstanbul Şişli
156,1.6 TS Distinctive,2005,317600,Siyah,208750,İstanbul Sancaktepe
156,1.6 TS Distinctive,2004,380000,Siyah,210000,Kayseri Kocasinan
156,1.6 TS Distinctive,2004,250000,Gri,193000,Kocaeli Çayırova
Giulietta,1.6 JTD Distinctive,2013,178000,Siyah,415000,İstanbul Maltepe
Giulietta,1.6 JTD Distinctive,2013,146000,Siyah,415000,Kocaeli Gebze
Giulietta,1.6 JTD Distinctive,2012,131000,Beyaz,449850,İstanbul Kağıthane
156,2.0 TS Selespeed,2001,295000,Beyaz,185000,İstanbul Arnavutköy
Giulietta,1.6 JTD Distinctive,2013,176000,Beyaz,374900,Kayseri Kocasinan
159,1.9 JTD Distinctive Plus,2007,290900,Siyah,306000,Bursa Osmangazi
Giulietta,1.6 JTD Distinctive,2014,156344,Beyaz,524000,Kocaeli İzmit
166,2.0 TB,1999,295000,Gri,165000,İstanbul Sancaktepe
Giulietta,1.6 JTD Super TCT,2016,107000,Beyaz,635000,Ankara Çankaya
147,1.6 TS Distinctive,2007,255000,Gümüş Gri,260000,Manisa Şehzadeler
156,1.6 TS Distinctive,2004,282000,Sarı,224750,Gaziantep Şahinbey
Giulietta,1.6 JTD Distinctive,2015,124000,Beyaz,540000,İzmir Güzelbahçe
156,1.6 TS Distinctive,2005,186000,Şampanya,260000,İzmir Karşıyaka
Giulietta,1.4 TB MultiAir Distinctive,2012,108000,Siyah,528000,Tokat Merkez
146,1.6 TS,1997,262000,Siyah,132000,İstanbul Güngören
Giulietta,1.6 JTD Distinctive,2011,263000,Beyaz,415000,Kütahya Merkez
Giulietta,1.6 JTD Super TCT,2016,102000,Beyaz,668000,İstanbul Kartal
Giulietta,1.4 TB MultiAir Distinctive,2012,150000,Beyaz,450000,İstanbul Bakırköy
Giulia,2.0 T Veloce,2022,9000,Gri,2450000,Mersin Yenişehir
146,1.6 L,1996,255000,Şampanya,118000,Ankara Keçiören
166,2.0 TB,1999,289000,Gümüş Gri,225000,İstanbul Çekmeköy
Giulietta,1.4 TB MultiAir Progression Pluse,2012,176897,Beyaz,503000,Ankara Çankaya
GT,1.9 JTD Q2,2009,220000,Kırmızı,405000,Ankara Yenimahalle
Giulietta,1.6 JTD Progression Plus,2013,137500,Beyaz,408000,Bursa Nilüfer
159,1.9 JTD Distinctive Plus,2007,310000,Siyah,365000,İzmir Gaziemir
147,1.6 TS Distinctive,2005,164000,Gümüş Gri,235000,Çorum Merkez
156,2.5,1998,280000,Gümüş Gri,220000,İstanbul Kartal
Giulietta,1.6 JTD Distinctive,2013,146000,Siyah,415000,İstanbul Üsküdar
Giulietta,1.6 JTD Distinctive,2011,138000,Beyaz,470000,Burdur Merkez
164,2.0 Turbo,1994,153000,Kahverengi,333000,Bursa Nilüfer
156,2.0 TS Selespeed,2001,277000,Füme,199000,İstanbul Sarıyer
Giulietta,1.4 TB MultiAir Distinctive,2014,71000,Beyaz,647500,İzmir Buca
MiTo,1.4 T Distinctive,2009,176000,Siyah,395000,Ankara Sincan
33,1.5 Giardinetta,1990,74000,Kırmızı,87000,Kocaeli İzmit
Giulietta,1.6 JTD Progression Plus,2014,199500,Beyaz,425000,Ankara Çankaya
Giulietta,1.6 JTD Progression Plus,2011,204000,Beyaz,389750,İstanbul Üsküdar
Giulietta,1.4 TB MultiAir Super TCT,2018,46000,Gri,875000,İstanbul Beşiktaş
Giulietta,1.6 JTD Progression Plus,2012,195000,Kırmızı,460000,Antalya Muratpaşa
Giulietta,1.6 JTD Distinctive,2015,97000,Gri,532250,İstanbul Küçükçekmece
Giulietta,1.4 TB MultiAir Distinctive,2014,146700,Gri,565000,İstanbul Silivri
Giulia,2.0 T Sprint,2020,8300,Beyaz,1705000,Mersin Toroslar
156,1.6 TS,1998,325000,Bordo,159999,Kocaeli Gebze
Giulietta,1.6 JTD Super TCT,2018,72813,Beyaz,637500,Mardin Kızıltepe
Giulietta,1.6 JTD Distinctive,2015,222000,Beyaz,425000,Bursa İznik
Giulietta,1.6 JTD Distinctive,2011,125000,Beyaz,515000,Tekirdağ Süleymanpaşa
156,1.6 TS Distinctive,2002,353000,Siyah,172850,Bursa Nilüfer
156,1.6 TS Distinctive,2004,320000,Füme,230000,Ankara Etimesgut
156,1.6 TS Distinctive,2004,171800,Füme,278000,Ankara Etimesgut
MiTo,1.4 T MultiAir TCT,2012,129000,Beyaz,477000,Kocaeli Gebze
147,1.6 TS Distinctive,2004,250000,Gri,197500,Ankara Sincan
Giulietta,1.6 JTD Progression Plus,2012,140000,Beyaz,422000,İstanbul Tuzla
Giulietta,1.6 JTD Distinctive,2012,180000,Beyaz,399000,İstanbul Beykoz
Giulietta,1.4 TB MultiAir Distinctive,2015,155000,Beyaz,620000,Ankara Etimesgut
159,1.9 JTD Distinctive Plus,2007,254000,Siyah,435000,İstanbul Ümraniye
MiTo,1.4 T Distinctive,2009,188254,Bej,391000,İzmir Buca
Giulietta,1.4 TB MultiAir Distinctive,2013,133740,Kırmızı,600000,Antalya Kepez
156,2.0 TS Selespeed,2000,317000,Gümüş Gri,230000,Kastamonu Merkez
156,1.6 TS Distinctive,2005,278000,Füme,239000,Ankara Altındağ
Giulietta,1.4 TB MultiAir Distinctive,2015,117000,Beyaz,610000,İstanbul Maltepe
156,1.6 TS,1998,387000,Siyah,150000,İstanbul Avcılar
156,1.6 TS Distinctive,2004,220000,Bordo,205000,Balıkesir Burhaniye
145,1.6,1996,205000,Lacivert,112000,Ankara Çankaya
166,2.0 TB,1999,260000,Siyah,173000,İzmir Bornova
147,1.6 TS Distinctive,2003,232300,Kırmızı,188000,Aydın Nazilli
Giulietta,1.4 TB MultiAir Super TCT,2016,87000,Beyaz,800000,İzmir Karabağlar
156,2.0 JTS Distinctive,2004,260000,Füme,220000,Sakarya Karasu
Giulietta,1.6 JTD Progression Plus,2012,152000,Beyaz,445000,İzmir Gaziemir
Giulietta,1.4 TB MultiAir Distinctive,2015,62000,Kırmızı,620000,Muğla Bodrum
156,1.6 TS Distinctive,2005,222000,Gümüş Gri,290000,Samsun Çarşamba
Giulietta,1.6 JTD Progression Plus,2014,110000,Siyah,535000,İstanbul Kartal
146,1.6 L,1997,272300,Siyah,118000,İstanbul Üsküdar
159,1.9 JTD Distinctive Plus,2007,243000,Bordo,485000,İstanbul Ataşehir
